License Number,Full Name,NPN Number,Residency Type,License Status,License Issue Date,Business City,Business State,Business Zip,Business County
W816199,RIGHT TECH INSURANCE CLAIMS INC,"=""8248789""",Resident,VALID,12/29/2021 12:00:00 AM,MIAMI,FL,"=""33185""",Dade
W820575,"EAGLE PUBLIC ADJUSTING GROUP, LLC","=""20207699""",Resident,VALID,1/18/2022 12:00:00 AM,DAYTONA BEACH,FL,"=""32114""",Volusia
W820387,CLAIM ADVISORS,"=""20205999""",Resident,VALID,1/17/2022 12:00:00 AM,CORAL SPRINGS,FL,"=""33076""",Broward
W806942,"CLAIMS, INC.","=""19828286""",Non-Resident,VALID,11/23/2021 12:00:00 AM,ANN ARBOR,MI,"=""48103""",
W807921,"IMPACT CLAIM SERVICES, LLC","=""17111589""",Non-Resident,VALID,11/30/2021 12:00:00 AM,HIGHLANDS RANCH,CO,"=""80126""",
W807924,PROPERTY DAMAGE CONSULTANTS INC,"=""16827842""",Resident,VALID,11/30/2021 12:00:00 AM,BOYNTON BEACH,FL,"=""33435""",Palm Beach
W811601,"CENTURY CLAIMS MANAGEMENT, INC.","=""20171100""",Resident,VALID,12/9/2021 12:00:00 AM,PALM BEACH GARDENS,FL,"=""33412""",Palm Beach
W809046,CLAIMS AID CONSULTANTS,"=""20163408""",Resident,VALID,12/2/2021 12:00:00 AM,PORT ST. LUCIE,FL,"=""34984""",St. Lucie
W807446,ELITE ADJUSTERS LLC,"=""20156972""",Resident,VALID,11/28/2021 12:00:00 AM,MIAMI LAKES,FL,"=""33014""",Dade
W807448,FIRST COAST CLAIM CONSULTANTS,"=""20156967""",Resident,VALID,11/28/2021 12:00:00 AM,JACKSONVILLE,FL,"=""32256""",Duval
W808036,"THE PEOPLE'S ADJUSTER, LLC","=""20160305""",Resident,VALID,11/30/2021 12:00:00 AM,WELLINGTON,FL,"=""33414""",Palm Beach
W808038,ECLIPSE CLAIMS CONSULTING,"=""19373817""",Non-Resident,VALID,11/30/2021 12:00:00 AM,FRISCO,TX,"=""75034""",
W806081,"MARINI ENTERPRISE & ASSOCIATES, INC","=""20150213""",Resident,VALID,11/19/2021 12:00:00 AM,HOLLYWOOD,FL,"=""33021""",Broward
W806268,UNITED CLAIMS SPECIALISTS,"=""19629571""",Resident,VALID,11/22/2021 12:00:00 AM,MIAMI,FL,"=""33169""",Dade
W806086,YOUR RECOVERY TEAM INC,"=""20150199""",Resident,VALID,11/19/2021 12:00:00 AM,WEST PALM BEACH,FL,"=""33412""",Palm Beach
W806093,ALL STAR PUBLIC ADJUSTERS,"=""20150204""",Resident,VALID,11/19/2021 12:00:00 AM,FORT LAUDERDALE,FL,"=""33312""",Broward
W810795,EXCLUSIVE PIA LLC,"=""20168238""",Resident,VALID,12/7/2021 12:00:00 AM,MIAMI,FL,"=""33173""",Dade
W810797,"MAIN LINE PUBLIC ADJUSTERS, LLC","=""18088668""",Resident,VALID,12/7/2021 12:00:00 AM,LONGBOAT KEY,FL,"=""34228""",Manatee
W821088,BEST CLAIM SOLUTIONS INC.,"=""20209350""",Resident,VALID,1/19/2022 12:00:00 AM,PLANTATION,FL,"=""33322""",Broward
W809638,ADJUSTING EXPERTS,"=""20164640""",Resident,VALID,12/3/2021 12:00:00 AM,MIAMI,FL,"=""33186""",Dade
W809640,KEY BISCAYNE CLAIM ADJUSTERS CORP.,"=""20164619""",Resident,VALID,12/3/2021 12:00:00 AM,KEY BISCAYNE,FL,"=""33149""",Dade
W808178,INVICTUS PUBLIC ADJUSTERS LLC,"=""19388453""",Resident,VALID,12/1/2021 12:00:00 AM,HOLLYWOOD,FL,"=""33020""",Broward
W809174,SMOLKA & COMPANY,"=""20163418""",Resident,VALID,12/2/2021 12:00:00 AM,SUNRISE,FL,"=""33323""",Broward
W811430,FIVE STAR CLAIMS ADJUSTING,"=""20171105""",Resident,VALID,12/9/2021 12:00:00 AM,OAKLAND PARK,FL,"=""33311""",Broward
W811429,"FIVE STAR MIAMI, LLC","=""20171099""",Resident,VALID,12/9/2021 12:00:00 AM,OAKLAND PARK,FL,"=""33311""",Broward
W810799,STATEWIDE CLAIM SERVICES LLC,"=""18352707""",Non-Resident,VALID,12/7/2021 12:00:00 AM,PLEASANTON,TX,"=""78064""",
W810802,FRASER PROPERTY & ADJUSTING INC.,"=""20168257""",Resident,VALID,12/7/2021 12:00:00 AM,NORTH MIAMI BEACH,FL,"=""33162""",Dade
W807998,"WARRIOR PUBLIC ADJUSTERS, INC.","=""20160314""",Resident,VALID,11/30/2021 12:00:00 AM,MIAMI,FL,"=""33156""",Dade
W809048,FAITH ADJUSTERS LLC DBA FAITH ADJUSTER,"=""20163421""",Resident,VALID,12/2/2021 12:00:00 AM,ORLANDO,FL,"=""32814""",Orange
W809051,ROBIN HOOD ADJUSTERS,"=""20163424""",Resident,VALID,12/2/2021 12:00:00 AM,EUSTIS,FL,"=""32726""",Lake
W820258,WSANTOS PUBLIC ADJUSTING LLC,"=""20205097""",Resident,VALID,1/14/2022 12:00:00 AM,PORT SAINT LUCIE,FL,"=""34986""",St. Lucie
W809630,UNIVERSAL INSURANCE CLAIM CONSULTANTS INC.,"=""20164641""",Resident,VALID,12/3/2021 12:00:00 AM,ORLANDO,FL,"=""32789""",Orange
W809632,"BRODSKY & ASSOCIATES, INC.","=""8095071""",Resident,VALID,12/3/2021 12:00:00 AM,AVENTURA,FL,"=""33180""",Dade
W809078,JAX PUBLIC ADJUSTER,"=""20163407""",Resident,VALID,12/2/2021 12:00:00 AM,JACKSONVILLE,FL,"=""32256""",Duval
W809386,"THE RED DOOR PUBLIC ADJUSTERS, INC.","=""20163406""",Resident,VALID,12/2/2021 12:00:00 AM,PLANTATION,FL,"=""33317""",Broward
W811607,"PEOPLE'S INSURANCE CLAIM CENTER, INC.","=""8097611""",Resident,VALID,12/9/2021 12:00:00 AM,MIAMI,FL,"=""33179""",Dade
W820257,FULL HOUSE PUBLIC ADJUSTERS,"=""20205082""",Resident,VALID,1/14/2022 12:00:00 AM,BOYNTON BEACH,FL,"=""33472""",Palm Beach
W833642,THE PUBLIC ADJUSTERS INC,"=""20253444""",Resident,VALID,3/1/2022 12:00:00 AM,PANAMA CITY BEACH,FL,"=""32408""",Bay
W829547,"OCEAN POINT CLAIMS COMPANY, LLC","=""20239890""",Resident,VALID,2/16/2022 12:00:00 AM,HOBE SOUND,FL,"=""33455""",Palm Beach
W811926,CITIZENS CLAIMS CONSULTANTS,"=""8095859""",Resident,VALID,12/10/2021 12:00:00 AM,MIAMI,FL,"=""33186""",Dade
W816380,ATLANTIC PROPERTY ADJUSTERS,"=""20189698""",Resident,VALID,12/29/2021 12:00:00 AM,AVENTURA,FL,"=""33180""",Dade
W818093,"ATLANTIC COAST CONSULTANTS, LLC","=""16837592""",Resident,VALID,1/7/2022 12:00:00 AM,MIAMI,FL,"=""33161""",Dade
W818006,"ADKINSON INSURANCE SERVICES, INC","=""20197657""",Resident,VALID,1/7/2022 12:00:00 AM,AUBURNDALE,FL,"=""33823""",Polk
W818238,LUX CLAIMS,"=""20197676""",Resident,VALID,1/7/2022 12:00:00 AM,MIAMI,FL,"=""33131""",Dade
W807342,ACTION CLAIMS,"=""20155965""",Resident,VALID,11/24/2021 12:00:00 AM,CORAL SPRINGS,FL,"=""33071""",Broward
W818007,JD PUBLIC ADJUSTERS INC,"=""20197661""",Resident,VALID,1/7/2022 12:00:00 AM,ORLANDO,FL,"=""32819""",Orange
W817720,DEPENDABLE RESOLUTIONS LLC,"=""20196756""",Resident,VALID,1/6/2022 12:00:00 AM,NAVARRE,FL,"=""32566""",Hillsborough
W819564,STORM ONE CLAIMS LLC,"=""20203856""",Resident,VALID,1/13/2022 12:00:00 AM,VENICE,FL,"=""34292""",Sarasota
W807104,"TAILORED LOSS CONSULTANTS, LLC.","=""20155975""",Resident,VALID,11/24/2021 12:00:00 AM,LEE,FL,"=""32059""",Madison
W820520,ELITE PROPERTY ADJUSTERS LLC,"=""20207705""",Resident,VALID,1/18/2022 12:00:00 AM,NORTH MIAMI BEACH,FL,"=""33160""",Dade
W820858,PITBULL CLAIM ADJUSTERS,"=""20209347""",Resident,VALID,1/19/2022 12:00:00 AM,DAVIE,FL,"=""33325""",Broward
W809194,HUNTER CLAIMS,"=""20163415""",Resident,VALID,12/2/2021 12:00:00 AM,TAMPA,FL,"=""33614""",Hillsborough
W808876,INTERCOASTAL PUBLIC ADJUSTERS,"=""19945044""",Non-Resident,VALID,12/1/2021 12:00:00 AM,WILMINGTON,NC,"=""28409""",
W809643,INTEGRITY SETTLEMENT ADJUSTERS LLC,"=""20164642""",Resident,VALID,12/3/2021 12:00:00 AM,LAUDERHILL,FL,"=""33319""",Broward
W808884,APPRAISERS AND ADJUSTERS 4 U INC,"=""20162285""",Resident,VALID,12/1/2021 12:00:00 AM,SOUTHWEST RANCHES,FL,"=""33332""",Broward
W807044,A1 PUBLIC ADJUSTERS LLC,"=""20155967""",Resident,VALID,11/24/2021 12:00:00 AM,PEMBROKE PINES,FL,"=""33024""",Broward
W811078,"FIVE STAR ORLANDO, LLC","=""19852849""",Resident,VALID,12/8/2021 12:00:00 AM,MAITLAND,FL,"=""32751""",Orange
W811924,GLOBAL PATRIOT ADJUSTERS LLC,"=""16973925""",Non-Resident,VALID,12/10/2021 12:00:00 AM,WILTON,NH,"=""03086""",
W811383,"FIVE STAR OF SOUTH WEST FLORIDA, LLC","=""20171091""",Resident,VALID,12/9/2021 12:00:00 AM,TAMPA,FL,"=""33605""",Hillsborough
W811384,"FIVE STAR OF CENTRAL FLORIDA, LLC","=""20171077""",Resident,VALID,12/9/2021 12:00:00 AM,ORLANDO,FL,"=""32806""",Orange
W811920,TRIUMPH CONSULTING CORP,"=""20172136""",Resident,VALID,12/10/2021 12:00:00 AM,OAKLAND PARK,FL,"=""33311""",Broward
W819833,CHINCHILLA CLAIM SERVICES,"=""20203834""",Resident,VALID,1/13/2022 12:00:00 AM,MIAMI,FL,"=""33196""",Dade
W819895,DEFENDER LOSS CONSULTANTS,"=""20203827""",Resident,VALID,1/13/2022 12:00:00 AM,ST. CLOUD,FL,"=""34769""",Osceola
W809989,FCS PUBLIC ADJUSTERS,"=""20166816""",Resident,VALID,12/6/2021 12:00:00 AM,CORAL SPRINGS,FL,"=""33065""",Broward
W811556,"CORDO CLAIMS GROUP, LLC","=""19878180""",Resident,VALID,12/9/2021 12:00:00 AM,PALMETTO BAY,FL,"=""33157""",Dade
W818473,SKYLINE ADJUSTERS,"=""18190337""",Non-Resident,VALID,1/10/2022 12:00:00 AM,NY,NY,"=""10007""",
W814415,INTERNATIONAL PUBLIC ADJUSTERS CORPORATION,"=""20181752""",Resident,VALID,12/20/2021 12:00:00 AM,MIAMI,FL,"=""33187""",Dade
W813626,"REAL CLAIMS OF AMERICA, CORP","=""20178764""",Resident,VALID,12/16/2021 12:00:00 AM,AVENTURA,FL,"=""33180""",Dade
W805385,"BUILDER'S PERSPECTIVE PUBLIC ADJUSTING, LLC","=""19621659""",Resident,VALID,11/18/2021 12:00:00 AM,PENSACOLA,FL,"=""32526""",Escambia
W817482,"ICA INSURANCE CLAIMS ADVOCATES, LLC","=""20136158""",Resident,VALID,1/5/2022 12:00:00 AM,ST CLOUD,FL,"=""34769""",Osceola
W818563,BEST PUBLIC ADJUSTERS,"=""19712811""",Resident,VALID,1/10/2022 12:00:00 AM,NORTH MIAMI BEACH,FL,"=""33160""",Dade
W810937,CLAIM CHECK CONSULTANTS PUBLIC ADJUSTERS INC,"=""20169602""",Resident,VALID,12/8/2021 12:00:00 AM,COCONUT GROVE,FL,"=""33133""",Dade
W815473,"FAJA ADJUSTING AND INSURANCE SERVICES, LLC","=""20185496""",Resident,VALID,12/23/2021 12:00:00 AM,CORAL SPRINGS,FL,"=""33065""",Broward
W816996,CHAMPION CLAIMS LLC,"=""20193966""",Resident,VALID,1/4/2022 12:00:00 AM,ORLANDO,FL,"=""32809""",Orange
W811151,MIKE MCDERMOTT LLC DBA YES ADJUSTING,"=""20169598""",Resident,VALID,12/8/2021 12:00:00 AM,FLAGLER BEACH,FL,"=""32136""",Flagler
W811152,"ADJUST UP CLAIMS, LLC","=""20091583""",Resident,VALID,12/8/2021 12:00:00 AM,DORAL,FL,"=""33122""",Dade
W812298,"ADJUST UP CLAIMS OF CENTRAL FLORIDA, INC","=""20174205""",Resident,VALID,12/13/2021 12:00:00 AM,TAMPA,FL,"=""33607""",Hillsborough
W828744,INDEMNITY ADJUSTERS LLC,"=""20093072""",Resident,VALID,2/14/2022 12:00:00 AM,MIAMI,FL,"=""33186""",Dade
W813219,WAT-HAM ENTERPRISE INC,"=""20177199""",Resident,VALID,12/15/2021 12:00:00 AM,MIAMI,FL,"=""33157""",Dade
W811155,"STELLAR PUBLIC ADJUSTING SERVICES, LLC","=""20169605""",Resident,VALID,12/8/2021 12:00:00 AM,AVENTURA,FL,"=""33180""",Dade
W810378,DALY & ASSOCIATES,"=""20166817""",Resident,VALID,12/6/2021 12:00:00 AM,MIAMI,FL,"=""33183""",Dade
W811922,COHEN AND ASSOCIATES PUBLIC ADJUSTERS INC,"=""20172138""",Resident,VALID,12/10/2021 12:00:00 AM,AVENTURA,FL,"=""33180""",Dade
W807237,SWERLING MILTON WINNICK PUBLIC ADJUSTERS,"=""3686894""",Non-Resident,VALID,11/24/2021 12:00:00 AM,WELLESLEY HILLS,MA,"=""024811904""",
W807242,SIMPLICITY ELITE ADJUSTERS LLC,"=""20155972""",Resident,VALID,11/24/2021 12:00:00 AM,ORLANDO,FL,"=""32819""",Orange
W807246,MAX FINKELSTEIN CORPORATION DBA CLAIM FL PUBLIC ADJUSTERS,"=""20155962""",Resident,VALID,11/24/2021 12:00:00 AM,FORT LAUDERDALE,FL,"=""33301""",Broward
W805621,A1A ADJUSTERS,"=""20148951""",Resident,VALID,11/18/2021 12:00:00 AM,INDIALANTIC,FL,"=""32903""",Brevard
W805523,SOLEIL CLAIMS LLC,"=""20148877""",Resident,VALID,11/18/2021 12:00:00 AM,MIAMI,FL,"=""33145""",Dade
W805648,"NOBLE PUBLIC ADJUSTING GROUP, LLC","=""20099021""",Resident,VALID,11/18/2021 12:00:00 AM,P C BEACH,FL,"=""32413""",Bay
W805866,"GM & ASSOCIATES GROUP, INC.","=""20150219""",Resident,VALID,11/19/2021 12:00:00 AM,MIAMI,FL,"=""33196""",Dade
W827834,CAPITAL CLAIMS,"=""20233703""",Resident,VALID,2/10/2022 12:00:00 AM,MIAMI,FL,"=""33186""",Dade
W807283,TRUST PUBLIC ADJUSTERS,"=""20155976""",Resident,VALID,11/24/2021 12:00:00 AM,ORLANDO,FL,"=""32812""",Orange
W805623,KEYS CLAIMS CONSULTANTS LLC,"=""9076569""",Resident,VALID,11/18/2021 12:00:00 AM,NAPLES,FL,"=""34109""",Collier
W805528,PROPERTY CLAIM EXPERTS,"=""20148923""",Resident,VALID,11/18/2021 12:00:00 AM,BRANDON,FL,"=""33511""",Hillsborough
W820684,ADJUSTER PROS PUBLIC ADJUSTERS,"=""20207721""",Resident,VALID,1/18/2022 12:00:00 AM,DAVIE,FL,"=""33330""",Broward
W812334,"ALL FLORIDA GROUP, CORP","=""20174211""",Resident,VALID,12/13/2021 12:00:00 AM,MIRAMAR,FL,"=""33029""",Broward
W805529,"SAFEGUARD PUBLIC ADJUSTERS, INC.","=""20148942""",Resident,VALID,11/18/2021 12:00:00 AM,PLANTATION,FL,"=""33324""",Broward
W805865,NATION CLAIMSERVICES,"=""20150245""",Resident,VALID,11/19/2021 12:00:00 AM,MIAMI LAKES,FL,"=""33016""",Dade
W805534,"1-800-HURRICANE, LLC","=""20148944""",Resident,VALID,11/18/2021 12:00:00 AM,MIAMI,FL,"=""33179""",Dade
W805620,"MWS VENTURES, INC. DBA ALL POINTS CLAIM ADVISORS","=""20148921""",Resident,VALID,11/18/2021 12:00:00 AM,OCALA,FL,"=""34481""",Marion
W805537,"USA PUBLIC ADJUSTING GROUP, LLC","=""20148936""",Resident,VALID,11/18/2021 12:00:00 AM,PORT SAINT LUCIE,FL,"=""34986""",St. Lucie
W805706,"CLAIM CLOSERS, LLC","=""20148937""",Resident,VALID,11/18/2021 12:00:00 AM,PARKLAND,FL,"=""33076""",Broward
W805707,J CONSULTANTS INC DBA FLORIDA PUBLIC ADJUSTING,"=""20148955""",Resident,VALID,11/18/2021 12:00:00 AM,HOLLYWOOD,FL,"=""33020""",Broward
W805705,PRIME CLAIMS INC,"=""19861265""",Resident,VALID,11/18/2021 12:00:00 AM,MIAMI,FL,"=""33126""",Dade
W805541,"REBELLIS GROUP, INC /DBA ESTIMAR","=""20148941""",Resident,VALID,11/18/2021 12:00:00 AM,FORT LAUDERDALE,FL,"=""33305""",Broward
W805542,LMR PUBLIC ADJUSTERS,"=""20148929""",Resident,VALID,11/18/2021 12:00:00 AM,COOPER CITY,FL,"=""33024""",Broward
W811617,WELL ADJUSTED CLAIMS,"=""20171101""",Resident,VALID,12/9/2021 12:00:00 AM,MIRAMAR,FL,"=""33025""",Broward
W806951,PH MIAMI INC,"=""20154633""",Resident,VALID,11/23/2021 12:00:00 AM,MIAMI,FL,"=""33186""",Dade
W807451,"NATIONAL FIRE ADJUSTMENT CO., INC.","=""2013884""",Non-Resident,VALID,11/28/2021 12:00:00 AM,AMHERST,NY,"=""14228""",
W807211,"INSURANCE ADJUSTMENT BUREAU, INC.","=""2014171""",Non-Resident,VALID,11/24/2021 12:00:00 AM,PLYMOUTH MEETING,PA,"=""19462""",
W807212,UTOPIA PUBLIC ADJUSTING,"=""20155966""",Non-Resident,VALID,11/24/2021 12:00:00 AM,INDEPENDENCE,OH,"=""34119""",
W807213,"EXPERIENCED PUBLIC ADJUSTERS, LLC","=""20155996""",Resident,VALID,11/24/2021 12:00:00 AM,ORLANDO,FL,"=""32812""",Orange
W807214,FOR THE PEOPLE PUBLIC ADJUSTERS INC DBA SOFLO PUBLIC ADJUSTERS,"=""20155963""",Resident,VALID,11/24/2021 12:00:00 AM,COOPER CITY,FL,"=""33328""",Broward
W807216,ADJUSTER GROUPS INC,"=""19987501""",Resident,VALID,11/24/2021 12:00:00 AM,KISSSIMMEE,FL,"=""34741""",Osceola
W810387,GOLDEN TRAILS,"=""20166819""",Resident,VALID,12/6/2021 12:00:00 AM,PALM BAY,FL,"=""32909""",Brevard
W811690,"TROUBLE IN PARADISE ADJUSTING, INC","=""16825954""",Resident,VALID,12/9/2021 12:00:00 AM,COCONUT CREEK,FL,"=""33073""",Broward
W811693,PRO CLAIMS CONSULTANTS LLC,"=""20171081""",Resident,VALID,12/9/2021 12:00:00 AM,HOLLYWOOD,FL,"=""33026""",Broward
W820860,BULLSEYE PUBLIC ADJUSTING,"=""20209343""",Resident,VALID,1/19/2022 12:00:00 AM,GAINESVILLE,FL,"=""32605""",Alachua
W806543,D'BEST QUALITY CONSULTANTS CORP,"=""20152847""",Resident,VALID,11/22/2021 12:00:00 AM,MIAMI GARDENS,FL,"=""33055""",Dade
W806544,LOVIAL CLAIMS CONSULTANTS INC,"=""20152845""",Resident,VALID,11/22/2021 12:00:00 AM,MIAMI,FL,"=""33196""",Dade
W806546,GLOBAL PUBLIC ADJUSTERS INC,"=""20152851""",Resident,VALID,11/22/2021 12:00:00 AM,ORLANDO,FL,"=""32819""",Orange
W806547,TEAMWORK CLAIMS CONSULTANT,"=""20152882""",Resident,VALID,11/22/2021 12:00:00 AM,MIAMI,FL,"=""33187""",Dade
W807443,"EXPERT CLAIMS ADJUSTERS, INC","=""20156969""",Resident,VALID,11/28/2021 12:00:00 AM,MIAMI,FL,"=""33186""",Dade
W806739,ACCURATE ADJUSTING SERVICES,"=""8095888""",Resident,VALID,11/23/2021 12:00:00 AM,HOLLYWOOD,FL,"=""33020""",Broward
W806765,"CONSOLIDATED PUBLIC ADJUSTERS, INC.","=""8191330""",Resident,VALID,11/23/2021 12:00:00 AM,DORAL,FL,"=""33166""",Dade
W806550,"FLORIDA ADJUSTERS, INC.","=""20152854""",Resident,VALID,11/22/2021 12:00:00 AM,BOCA RATON,FL,"=""33428""",Palm Beach
W806551,PROGRESSIVE PUBLIC ADJUSTERS LLC,"=""20152852""",Resident,VALID,11/22/2021 12:00:00 AM,BOYNTON BEACH,FL,"=""33473""",Palm Beach
W806907,"LEADING PUBLIC ADJUSTERS, INC","=""20154618""",Resident,VALID,11/23/2021 12:00:00 AM,MIAMI LAKES,FL,"=""33014""",Dade
W812383,"STERLING CLAIMS MANAGEMENT, INC.","=""17781777""",Non-Resident,VALID,12/13/2021 12:00:00 AM,SAN DIEGO,CA,"=""92123""",
W820221,"HELPING NEIGHBORS CLAIM ADJUSTERS, INC","=""20205099""",Resident,VALID,1/14/2022 12:00:00 AM,SWEETWATER,FL,"=""33172""",Dade
W819571,USA PUBLIC ADJUSTERS,"=""20203824""",Resident,VALID,1/13/2022 12:00:00 AM,MIAMI,FL,"=""33156""",Dade
W818638,HOMELAND PUBLIC ADJUSTERS CORPORATION,"=""20200937""",Resident,VALID,1/11/2022 12:00:00 AM,MIAMI LAKES,FL,"=""33016""",Dade
W819841,"PS CLAIM CONSULTANTS, INC","=""20203828""",Resident,VALID,1/13/2022 12:00:00 AM,HALLANDALE BEACH,FL,"=""33009""",Broward
W815829,STRATEGIC ADJUSTING SERVICES INC,"=""20188552""",Resident,VALID,12/28/2021 12:00:00 AM,SURFSIDE,FL,"=""33154""",Dade
W823558,"PRIMO ADJUSTING SERVICES, INC.","=""20217184""",Resident,VALID,1/26/2022 12:00:00 AM,MIAMI LAKES,FL,"=""33014""",Dade
W812941,2ND OPINION PUBLIC INSURANCE ADJUSTERS,"=""20175677""",Resident,VALID,12/14/2021 12:00:00 AM,WINTER PARK,FL,"=""32792""",Orange
W813542,ADVANCE CLAIM CONSULTANTS,"=""20178761""",Resident,VALID,12/16/2021 12:00:00 AM,PALMETTO BAY,FL,"=""33157""",Dade
W816171,DORSTEN CLAIMS LLC,"=""19601072""",Resident,VALID,12/28/2021 12:00:00 AM,HAWTHORNE,FL,"=""32640""",Putnam
W824727,VANGUARD PUBLIC ADJUSTERS INC.,"=""20223682""",Resident,VALID,2/1/2022 12:00:00 AM,MIAMI,FL,"=""33176""",Dade
W825280,ALL AMERICAN PUBLIC ADJUSTERS INC,"=""9630105""",Resident,VALID,2/2/2022 12:00:00 AM,BOCA RATON,FL,"=""33433""",Palm Beach
W812323,"THE HOMEOWNER'S ADVOCATE, LLC.","=""20174204""",Resident,VALID,12/13/2021 12:00:00 AM,BRADENTON,FL,"=""34207""",Manatee
W809461,PUBLIC ADJUSTERS ADVANTAGE CORPORATION,"=""20163397""",Resident,VALID,12/2/2021 12:00:00 AM,CORAL GABLES,FL,"=""33134""",Dade
W826910,"ULTRA PUBLIC ADJUSTERS, LLC","=""20231012""",Resident,VALID,2/8/2022 12:00:00 AM,ORLANDO,FL,"=""32804""",Orange
W824631,305 PUBLIC ADJUSTERS CORP,"=""20223615""",Resident,VALID,2/1/2022 12:00:00 AM,HOMESTEAD,FL,"=""33032""",Dade
W824873,CLAIM SPECIALISTS INC,"=""20223661""",Resident,VALID,2/1/2022 12:00:00 AM,PORT SAINT LUCIE,FL,"=""34995""",St. Lucie
W814596,EXPRESS CLAIMS ADJUSTERS LLC DBA SOUTH POINT ADJUSTERS,"=""20183283""",Resident,VALID,12/21/2021 12:00:00 AM,MIAMI LAKES,FL,"=""33014""",Dade
W840229,"THE PEOPLE'S CHOICE PUBLIC ADJUSTER, LLC","=""20274724""",Resident,VALID,3/21/2022 12:00:00 AM,LAKE WORTH,FL,"=""33467""",Palm Beach
W823896,"ODRY CLAIMS CONSULTANTS, LLC","=""20218795""",Resident,VALID,1/27/2022 12:00:00 AM,FORT LAUDERDALE,FL,"=""33345""",Broward
W823898,CLAIMSPRO CONSULTING INC.,"=""20218794""",Resident,VALID,1/27/2022 12:00:00 AM,PEMBROKE PINES,FL,"=""33026""",Broward
W812387,SECURE ADJUSTER CORP,"=""20174210""",Resident,VALID,12/13/2021 12:00:00 AM,DORAL,FL,"=""33178""",Dade
W815159,VELOCITY PUBLIC ADJUSTING LLC,"=""19941432""",Non-Resident,VALID,12/22/2021 12:00:00 AM,SCOTTSDALE,AZ,"=""85258""",
W813055,FASTER CLAIM LLC,"=""20177192""",Resident,VALID,12/15/2021 12:00:00 AM,DORAL,FL,"=""33166""",Dade
W805387,ADJUST IT RIGHT PUBLIC ADJUSTING LLC,"=""20148943""",Resident,VALID,11/18/2021 12:00:00 AM,WEST PALM BEACH,FL,"=""33411""",Palm Beach
W806197,RESPONSIVE PUBLIC ADJUSTERS,"=""20152868""",Resident,VALID,11/22/2021 12:00:00 AM,MEDLEY,FL,"=""33166""",Dade
W806238,QUICK CLAIMS ADJUSTING LLC DBA AJUSTADORES PUBLICOS ORLANDO,"=""20152867""",Resident,VALID,11/22/2021 12:00:00 AM,ORLANDO,FL,"=""32824""",Orange
W806198,ADJUSTER PRO SERVICES,"=""20152884""",Resident,VALID,11/22/2021 12:00:00 AM,GOTHA,FL,"=""34734""",Orange
W806609,"EXCELSIOR PUBLIC ADJUSTING SERVICES, L.L.C.","=""20152839""",Resident,VALID,11/22/2021 12:00:00 AM,NORTH MIAMI,FL,"=""33161""",Dade
W806772,ALL PRO CLAIMS ADJUSTERS,"=""20154561""",Resident,VALID,11/23/2021 12:00:00 AM,MIAMI,FL,"=""33183""",Dade
W807088,"FIFTH ELEMENT ADJUSTING, INC.","=""20155969""",Resident,VALID,11/24/2021 12:00:00 AM,JACKSONVILLE,FL,"=""32246""",Duval
W807090,"FASTRACK CLAIMS CONSULTANTS, INC","=""20155974""",Resident,VALID,11/24/2021 12:00:00 AM,MIAMI,FL,"=""33177""",Dade
W805867,THE ADJUSTERS GROUP L.L.C.,"=""20150238""",Resident,VALID,11/19/2021 12:00:00 AM,BOCA RATON,FL,"=""33432""",Palm Beach
W805626,"VIP ADJUSTING, INC.","=""20148934""",Resident,VALID,11/18/2021 12:00:00 AM,FORT PIERCE,FL,"=""34982""",St. Lucie
W805708,FLORIDA LOSS ADJUSTERS DBA SANTOS PUBLIC ADJUSTERS,"=""20148894""",Resident,VALID,11/18/2021 12:00:00 AM,DORAL,FL,"=""33122""",Dade
W805630,"ADVANCED BUILDING ASSESSMENT, INC.","=""20148931""",Resident,VALID,11/18/2021 12:00:00 AM,NEW SMYRNA BEACH,FL,"=""32169""",Volusia
W805868,DEDICATED PUBLIC ADJUSTERS,"=""20150211""",Resident,VALID,11/19/2021 12:00:00 AM,PALMETTO BAY,FL,"=""33157""",Dade
W805631,"LUCKY 13 PUBLIC ADJUSTERS, LLC","=""20148886""",Resident,VALID,11/18/2021 12:00:00 AM,MIAMI,FL,"=""33173""",Dade
W805633,RC PUBLIC ADJUSTERS,"=""20148945""",Resident,VALID,11/18/2021 12:00:00 AM,PALMETTO BAY,FL,"=""33158""",Dade
W805710,RD JAMES CONSULTANTS LLC DBA LIBERTY ADJUSTERS,"=""20148952""",Resident,VALID,11/18/2021 12:00:00 AM,RIVERVIEW,FL,"=""33578""",Hillsborough
W805634,"UNIVERSAL CLAIMS ADJUSTERS, INC.","=""20148896""",Resident,VALID,11/18/2021 12:00:00 AM,ORLANDO,FL,"=""32812""",Orange
W805636,THE ICON GROUP,"=""20148881""",Resident,VALID,11/18/2021 12:00:00 AM,MIAMI,FL,"=""33131""",Dade
W805637,R.A.M CLAIMS ADJUSTINGS INC,"=""20148947""",Resident,VALID,11/18/2021 12:00:00 AM,MIRAMAR,FL,"=""33027""",Broward
W805638,YOSEF BERKOWITZ PA,"=""20148930""",Resident,VALID,11/18/2021 12:00:00 AM,NORTH MIAMI BEACH,FL,"=""33162""",Dade
W805711,"COASTAL CLAIMS SERVICES, LLC","=""19810069""",Resident,VALID,11/18/2021 12:00:00 AM,NEW SMYRNA BEACH,FL,"=""32168""",Volusia
W837028,EXPRESS PUBLIC ADJUSTING LLC,"=""20264341""",Resident,VALID,3/10/2022 12:00:00 AM,FT LAUDERDALE,FL,"=""33301""",Broward
W813418,"TRUSTED PUBLIC ADJUSTERS, INC.","=""20178749""",Resident,VALID,12/16/2021 12:00:00 AM,MIAMI,FL,"=""33165""",Dade
W815161,RELIABLE CLAIMS ADJUSTING,"=""20184659""",Resident,VALID,12/22/2021 12:00:00 AM,ST PETERSBURG,FL,"=""33702""",Pinellas
W815162,QUALITY CLAIMS MANAGEMENT CORPORATION,"=""9152893""",Non-Resident,VALID,12/22/2021 12:00:00 AM,SAN DIEGO,CA,"=""92108""",
W809988,LOSSUP ADJUST INSURANCE CONSULTANT LLC,"=""20166818""",Resident,VALID,12/6/2021 12:00:00 AM,ORLANDO,FL,"=""32819""",Orange
W811057,"INSURANCE CONSULTING ACA, LLC","=""20169623""",Resident,VALID,12/8/2021 12:00:00 AM,TAMPA,FL,"=""33626""",Hillsborough
W816375,MORCATE INSURANCE CONSULTING,"=""20189719""",Resident,VALID,12/29/2021 12:00:00 AM,CLEWISTON,FL,"=""33440""",Hendry
W807450,SUNSHINE STATE PUBLIC ADJUSTERS INC,"=""20156973""",Resident,VALID,11/28/2021 12:00:00 AM,PLANTATION,FL,"=""33324""",Broward
W819563,"APICELLA ADJUSTERS, INC.","=""3407003""",Non-Resident,VALID,1/13/2022 12:00:00 AM,ORANGE,CT,"=""06477""",
W817751,"ACCURATE CLAIM ADJUSTERS, LLC","=""20196759""",Resident,VALID,1/6/2022 12:00:00 AM,ORLANDO,FL,"=""32825""",Orange
W807831,TOWER CLAIMS ADUSTERS LLC,"=""20160310""",Resident,VALID,11/30/2021 12:00:00 AM,TAMPA,FL,"=""33612""",Hillsborough
W808324,ALTIERI TRANSCO AMERICAN CLAIMS CORPORATION DBA ALTIERI INSURANCE CONSULTANTS,"=""8095247""",Resident,VALID,12/1/2021 12:00:00 AM,TAMPA,FL,"=""33602""",Hillsborough
W819873,SOLARES GROUP INC,"=""20203826""",Resident,VALID,1/13/2022 12:00:00 AM,DORAL,FL,"=""33122""",Dade
W816381,"ALL DAMAGES PUBLIC ADJUSTERS, INC.","=""20189697""",Resident,VALID,12/29/2021 12:00:00 AM,MIAMI SPRINGS,FL,"=""33166""",Dade
W812092,PROCLAIM HELP INC.,"=""19937785""",Resident,VALID,12/10/2021 12:00:00 AM,BOYNTON BEACH,FL,"=""33437""",Palm Beach
W811524,"SURPLUS SERVICES, INC","=""20171083""",Resident,VALID,12/9/2021 12:00:00 AM,MIAMI,FL,"=""33173""",Dade
W807482,BERKELEY INTERNATIONAL INC.,"=""17914636""",Resident,VALID,11/29/2021 12:00:00 AM,JACKSONVILLE,FL,"=""32257""",Duval
W807460,ATLANTIC CLAIMS ADJUSTERS & APPRAISERS LLC,"=""20158619""",Resident,VALID,11/29/2021 12:00:00 AM,MIAMI,FL,"=""33015""",Dade
W807815,DONATELLE CLAIM ADVISORS,"=""20160311""",Resident,VALID,11/30/2021 12:00:00 AM,NORTH PORT,FL,"=""34287""",Sarasota
W807816,"PARAMOUNT CONSULTING BY THE RAAM GROUP, INC.","=""8201907""",Resident,VALID,11/30/2021 12:00:00 AM,MIAMI LAKES,FL,"=""33016""",Dade
W807603,MANRESA GROUP LLC,"=""20158633""",Resident,VALID,11/29/2021 12:00:00 AM,OCALA,FL,"=""34480""",Marion
W807605,ALL CLAIMS PUBLIC ADJUSTER,"=""20158624""",Resident,VALID,11/29/2021 12:00:00 AM,WELLINGTON,FL,"=""33414""",Palm Beach
W807970,ANDREW K. KNOX AND COMPANY,"=""7822570""",Non-Resident,VALID,11/30/2021 12:00:00 AM,TOMS RIVER,NJ,"=""08753""",
W813646,JHT PUBLIC ADJUSTERS LLC,"=""20178765""",Resident,VALID,12/16/2021 12:00:00 AM,POLK CITY,FL,"=""33868""",Polk
W820363,"DEPENDABLE CLAIMS SPECIALISTS, INC","=""20205995""",Resident,VALID,1/17/2022 12:00:00 AM,WELLINGTON,FL,"=""33411""",Palm Beach
W809895,FLORIDA ADJUSTERS CONSULTING,"=""20164636""",Resident,VALID,12/3/2021 12:00:00 AM,MIRAMAR,FL,"=""33027""",Broward
W812392,AMERICAN PREMIER CLAIM CONSULTANT,"=""20174209""",Resident,VALID,12/13/2021 12:00:00 AM,NEWBERRY,FL,"=""32669""",Gilchrist
W821199,PROPERTY PROS CONSULTING,"=""20209353""",Resident,VALID,1/19/2022 12:00:00 AM,MACCLENNY,FL,"=""32063""",Baker
W818362,"ANEOSIS INSURANCE SERVICING GROUP, INC. DBA TRULOSS CLAIMS ADJUSTERS","=""20198156""",Resident,VALID,1/9/2022 12:00:00 AM,STUART,FL,"=""34997""",Martin
W805857,PVB PUBLIC ADJUSTERS LLC.,"=""20150218""",Resident,VALID,11/19/2021 12:00:00 AM,JACKSONVILLE,FL,"=""32257""",Duval
W816926,"FLAGSHIPS CONSULTING, INC","=""20192489""",Resident,VALID,1/3/2022 12:00:00 AM,MIAMI,FL,"=""33175""",Dade
W818099,IMAGINE SOLUTIONS PUBLIC ADUSTING INC,"=""20197660""",Resident,VALID,1/7/2022 12:00:00 AM,MIAMI,FL,"=""33185""",Dade
W817438,BOLT ADJUSTERS INC,"=""20195418""",Resident,VALID,1/5/2022 12:00:00 AM,CORAL GABLES,FL,"=""33134""",Dade
W809679,SOLUTION CLAIMS ADJUSTERS INC.,"=""20164621""",Resident,VALID,12/3/2021 12:00:00 AM,MIAMI,FL,"=""33175""",Dade
W818802,VETERAN'S VENTURES LLC DBA PROPERTY PROS CONSULTING,"=""19704431""",Resident,VALID,1/11/2022 12:00:00 AM,JACKSONVILLE,FL,"=""32256""",Duval
W818848,DDAVIS & ASSOCIATES INC,"=""15857908""",Resident,VALID,1/11/2022 12:00:00 AM,CORAL SPRINGS,FL,"=""33071""",Broward
W819792,"BERMUDEZ CLAIM SERVICES, INC.","=""20203835""",Resident,VALID,1/13/2022 12:00:00 AM,MIAMI,FL,"=""33155""",Dade
W811075,HARRELL ADJUSTING SERVICES,"=""20169625""",Resident,VALID,12/8/2021 12:00:00 AM,WINTER HAVEN,FL,"=""33880""",Polk
W808450,"AFTERMATH ADJUSTERS & CONSULTING, LLC","=""20162268""",Resident,VALID,12/1/2021 12:00:00 AM,CORAL SPRINGS,FL,"=""33071""",Broward
W809024,COHEN PUBLIC ADJUSTERS INC,"=""20163410""",Resident,VALID,12/2/2021 12:00:00 AM,LIGHTHOUSE POINT,FL,"=""33064""",Broward
W818892,ALL CLAIMS USA,"=""20200944""",Resident,VALID,1/11/2022 12:00:00 AM,BOCA RATON,FL,"=""33486""",Palm Beach
W841898,"HILLIS ADJUSTMENT AGENCY, INC.","=""2014175""",Non-Resident,VALID,3/25/2022 12:00:00 AM,BENSALEM,PA,"=""19020""",
W805907,GUARDIAN PUBLIC ADJUSTING LLC,"=""20150198""",Resident,VALID,11/19/2021 12:00:00 AM,CRAWFORDVILLE,FL,"=""32327""",Wakulla
W806205,AVILA PUBLIC ADJUSTING GROUP,"=""20152862""",Resident,VALID,11/22/2021 12:00:00 AM,MIAMI,FL,"=""33185""",Dade
W805924,"RUTLEDGE CLAIMS MANAGEMENT, INC.","=""18024588""",Non-Resident,VALID,11/19/2021 12:00:00 AM,SAN DIEGO,CA,"=""92108""",
W806250,"AMLOSS CLAIMS & ARBITRATION, LLC.","=""20152886""",Resident,VALID,11/22/2021 12:00:00 AM,FORT LAUDERDALE,FL,"=""33304""",Broward
W805951,FLORIDA'S VERY BEST PUBLIC ADJUSTERS LLC DBA FLORIDA'S BEST PUBLIC ADJUSTERS,"=""20150247""",Resident,VALID,11/19/2021 12:00:00 AM,DELRAY BEACH,FL,"=""33432""",Palm Beach
W806253,ALCONERO & ASSOCIATES LLC,"=""20152844""",Resident,VALID,11/22/2021 12:00:00 AM,MIAMI,FL,"=""33155""",Dade
W806819,"NATIONAL ADJUSTERS, INC.","=""20154646""",Resident,VALID,11/23/2021 12:00:00 AM,BONITA SPRINGS,FL,"=""34134""",Lee
W806323,"PINNACLE CLAIM SERVICES, INC.","=""20152878""",Resident,VALID,11/22/2021 12:00:00 AM,POMPANO BEACH,FL,"=""33069""",Broward
W806678,"STONE CLAIMS GROUP, INC.","=""19444618""",Resident,VALID,11/23/2021 12:00:00 AM,ST PETERSBURG,FL,"=""33701""",Pinellas
W806326,"ARIA CONSULTING, LLC","=""20152863""",Resident,VALID,11/22/2021 12:00:00 AM,MIAMI,FL,"=""33156""",Dade
W806679,FULCRUM CLAIMS CONSULTING,"=""20022889""",Non-Resident,VALID,11/23/2021 12:00:00 AM,ST. LOUIS,MO,"=""63127""",
W806330,INTERGROUP ADJUSTERS INC.,"=""20152857""",Resident,VALID,11/22/2021 12:00:00 AM,LARGO,FL,"=""33774""",Pinellas
W830989,TOTAL CLAIM SOURCE LLC,"=""20243898""",Resident,VALID,2/21/2022 12:00:00 AM,PLANT CITY,FL,"=""33565""",Hillsborough
W823403,HORIZON PUBLIC ADJUSTERS LLC,"=""20217178""",Resident,VALID,1/26/2022 12:00:00 AM,DEERFIELD BEACH,FL,"=""33441""",Broward
W827380,"NEXT LEVEL CLAIMS & ASSOCIATES, LLC","=""20232370""",Resident,VALID,2/9/2022 12:00:00 AM,FORT PIERCE,FL,"=""34951""",St. Lucie
W806463,"TROPICAL TRADEWINDS, LLC","=""20152877""",Resident,VALID,11/22/2021 12:00:00 AM,CORAL SPRINGS,FL,"=""33065""",Broward
W806464,"EQUITABLE APPRAISAL & ADJUSTMENT SERVICES, LTD","=""20152840""",Resident,VALID,11/22/2021 12:00:00 AM,BOYNTON BEACH,FL,"=""33436""",Palm Beach
W806700,ASKANADJUSTER TAMPA BAY LLC,"=""20154634""",Resident,VALID,11/23/2021 12:00:00 AM,TAMPA,FL,"=""33607""",Hillsborough
W806905,"AZEEM AND ASSOCIATES, LLC","=""20154644""",Resident,VALID,11/23/2021 12:00:00 AM,POMPANO BEACH,FL,"=""33062""",Broward
W806470,RECOVERY INSURANCE ADJUSTERS,"=""16190830""",Resident,VALID,11/22/2021 12:00:00 AM,PALM CITY,FL,"=""34990""",Martin
W806736,BJ CLAIMS PUBLIC ADJUSTERS LLC,"=""20154639""",Resident,VALID,11/23/2021 12:00:00 AM,WEST PALM BEACH,FL,"=""33409""",Palm Beach
W806717,ACCURRATE INSURANCE MANAGEMENT  SERVICES,"=""8667029""",Resident,VALID,11/23/2021 12:00:00 AM,CAPE CORAL,FL,"=""33904""",Lee
W806472,TOTAL CLAIMS INTERNATIONAL LLC.,"=""18888263""",Resident,VALID,11/22/2021 12:00:00 AM,OCALA,FL,"=""34480""",Dade
W806473,FUENTES CLAIM SOLUTIONS INC,"=""20152873""",Resident,VALID,11/22/2021 12:00:00 AM,NAPLES,FL,"=""34119""",Collier
W806474,COASTAL CLAIM CONSULTANTS LLC DBA ROCKWALL NATIONAL PUBLIC ADJUSTERS,"=""17925997""",Resident,VALID,11/22/2021 12:00:00 AM,POMPANO BEACH,FL,"=""33062""",Broward
W806680,CLAIM SAFE LLC,"=""20154640""",Resident,VALID,11/23/2021 12:00:00 AM,MIAMI,FL,"=""33125""",Dade
W806478,FGF CLAIMS CONSULTANT INC,"=""20152876""",Resident,VALID,11/22/2021 12:00:00 AM,DAVIE,FL,"=""33328""",Broward
W806479,"SUNPOINT PUBLIC ADJUSTERS, INC.","=""18874785""",Resident,VALID,11/22/2021 12:00:00 AM,NAPLES,FL,"=""34103""",Collier
W806481,HOME SAFE CLAIMS,"=""19946749""",Resident,VALID,11/22/2021 12:00:00 AM,SUNRISE,FL,"=""33351""",Broward
W806483,LIFELINE PUBLIC ADJUSTERS,"=""20152869""",Resident,VALID,11/22/2021 12:00:00 AM,ORLANDO,FL,"=""32819""",Orange
W806737,SUASPONTE CLAIMS EXPERTS INC,"=""20154617""",Resident,VALID,11/23/2021 12:00:00 AM,MIAMI,FL,"=""33177""",Dade
W806720,ASK AN ADJUSTER CFL LLC,"=""20154620""",Resident,VALID,11/23/2021 12:00:00 AM,ORLANDO,FL,"=""32801""",Seminole
W813550,OMEGA PUBLIC ADJUSTING,"=""20178746""",Resident,VALID,12/16/2021 12:00:00 AM,MELBOURNE BEACH,FL,"=""32951""",Brevard
W813328,NOVAREZ PUBLIC ADJUSTER LLC.,"=""20177202""",Resident,VALID,12/15/2021 12:00:00 AM,ORLANDO,FL,"=""32827""",Orange
W806682,"UNPAID CLAIMS, LLC DBA ARCHER CLAIMS","=""20154616""",Resident,VALID,11/23/2021 12:00:00 AM,CAPE CORAL,FL,"=""33904""",Lee
W807653,"FOREMOST PUBLIC ADJUSTERS, INC.","=""20158638""",Resident,VALID,11/29/2021 12:00:00 AM,CORAL GABLES,FL,"=""33146""",Dade
W806689,CLAIMS ELEMENTS CONSULTANTS INC,"=""20154643""",Resident,VALID,11/23/2021 12:00:00 AM,DAVIE,FL,"=""33326""",Broward
W806487,THE WEAVER ADJUSTMENT GROUP,"=""20152887""",Non-Resident,VALID,11/22/2021 12:00:00 AM,LANCASTER,PA,"=""17603""",
W806699,ASKANADJUSTER SPACE COAST LLC,"=""20154645""",Resident,VALID,11/23/2021 12:00:00 AM,MELBOURNE,FL,"=""32934""",Brevard
W830994,LET US CLAIM CONSULTANTS INSURANCE INC,"=""20243882""",Resident,VALID,2/21/2022 12:00:00 AM,ORLANDO,FL,"=""32827""",Orange
W806687,LADDER & HEELS ADJUSTING LLC,"=""20154638""",Resident,VALID,11/23/2021 12:00:00 AM,KISSIMMEE,FL,"=""34741""",Osceola
W808716,NO STRESS INSURANCE CLAIMS OF CENTRAL FLORIDA,"=""20162266""",Resident,VALID,12/1/2021 12:00:00 AM,"ALTAMONTE SPRINGS, FL 32714",FL,"=""32714""",Seminole
W808718,"PAIGE INSURANCE ADJUSTING, LLC","=""20162275""",Resident,VALID,12/1/2021 12:00:00 AM,BOCA RATON,FL,"=""33433""",Palm Beach
W825153,CREDI CLAIMS CONSULTANTS LLC,"=""20224884""",Resident,VALID,2/2/2022 12:00:00 AM,FT. LAUDERDALE,FL,"=""33301""",Broward
W807218,"PEAK PUBLIC ADJUSTERS, INC","=""20155970""",Resident,VALID,11/24/2021 12:00:00 AM,MIAMI,FL,"=""33175""",Dade
W807008,"PROACTIVE CLAIM SOLUTIONS, INC.","=""20154636""",Resident,VALID,11/23/2021 12:00:00 AM,PINECREST,FL,"=""33156""",Dade
W807009,ELM PUBLIC ADJUSTING,"=""20154629""",Resident,VALID,11/23/2021 12:00:00 AM,OVIEDO,FL,"=""32765""",Seminole
W807219,"ALL CLAIMS EXPERTS, LLC.","=""20155956""",Resident,VALID,11/24/2021 12:00:00 AM,CUTLER BAY,FL,"=""33157""",Dade
W807012,APEX ADJUSTERS LLC,"=""20154637""",Resident,VALID,11/23/2021 12:00:00 AM,LONGWOOD,FL,"=""32779""",Seminole
W807290,"MONARCH CLAIMS CONSULTANTS, INC.","=""19780032""",Resident,VALID,11/24/2021 12:00:00 AM,MIAMI,FL,"=""33186""",Dade
W807449,PLATINUM PUBLIC ADJUSTERS INC,"=""20156970""",Resident,VALID,11/28/2021 12:00:00 AM,HOLLYWOOD,FL,"=""33021""",Broward
W808731,STANDARD CLAIMS LLC,"=""20162269""",Resident,VALID,12/1/2021 12:00:00 AM,MIRAMAR,FL,"=""33027""",Broward
W822801,"TOTAL CLAIMS ADJUSTING, INC","=""20215584""",Resident,VALID,1/25/2022 12:00:00 AM,PEMBROKE PINES,FL,"=""33027""",Broward
W826837,"TOP TIER PUBLIC ADJUSTERS, LLC","=""20231039""",Resident,VALID,2/8/2022 12:00:00 AM,MAITLAND,FL,"=""32751""",Orange
W823814,S&L CLAIMS CONSULTING,"=""20218818""",Resident,VALID,1/27/2022 12:00:00 AM,PEMBROKE PINES,FL,"=""33028""",Broward
W824632,DEVORAH PUBLIC ADJUSTERS LLC,"=""20223667""",Resident,VALID,2/1/2022 12:00:00 AM,SANFORD,FL,"=""32771""",Seminole
W818023,PHOENIX CLAIMS CONSULTING,"=""20110738""",Resident,VALID,1/7/2022 12:00:00 AM,COCONUT CREEK,FL,"=""33073""",Broward
W822916,SURFSIDE PUBLIC ADJUSTERS,"=""20215598""",Resident,VALID,1/25/2022 12:00:00 AM,INDIAN HARBOUR BEACH,FL,"=""32937""",Brevard
W822920,PRIME PUBLIC ADJUSTERS,"=""20215587""",Resident,VALID,1/25/2022 12:00:00 AM,KISSIMMEE,FL,"=""34744""",Osceola
W805487,"STERLING PUBLIC ADJUSTERS, LLC","=""20148932""",Resident,VALID,11/18/2021 12:00:00 AM,BOCA RATON,FL,"=""33498""",Palm Beach
W823414,AARAYA PUBLIC ADJUSTING,"=""20217185""",Resident,VALID,1/26/2022 12:00:00 AM,LUTZ,FL,"=""33558""",Pasco
W805288,RIVER CITY CLAIMS,"=""20148891""",Resident,VALID,11/18/2021 12:00:00 AM,ST AUGUSTINE,FL,"=""32092""",St. Johns
W829544,ELITE CLAIMS CONSULTANTS,"=""19877658""",Resident,VALID,2/16/2022 12:00:00 AM,NAPLES,FL,"=""34110""",Collier
W805292,"BETTERWAY CLAIM ADJUSTERS, LLC","=""20148916""",Resident,VALID,11/18/2021 12:00:00 AM,MIAMI,FL,"=""33133""",Dade
W805427,JLF INSURANCE CLAIM ADJUSTING INC.,"=""20148950""",Resident,VALID,11/18/2021 12:00:00 AM,NAPLES,FL,"=""34114""",Collier
W805294,FLORIDA ADJUSTERS GROUP INC,"=""20148935""",Resident,VALID,11/18/2021 12:00:00 AM,KISSIMMEE,FL,"=""34746""",Osceola
W824798,CATASTROPHE SERVICES INC.,"=""20223665""",Resident,VALID,2/1/2022 12:00:00 AM,PORT SAINT LUCIE,FL,"=""34952""",St. Lucie
W822280,FLORIDA LOSS CONSULTING CORP,"=""20214729""",Resident,VALID,1/24/2022 12:00:00 AM,MIAMI,FL,"=""33131""",Dade
W822930,HORIZON PUBLIC ADJUSTERS,"=""20215586""",Resident,VALID,1/25/2022 12:00:00 AM,WINTER PARK,FL,"=""32789""",Orange
W818361,ANCHOR PUBLIC ADJUSTING,"=""20198139""",Resident,VALID,1/9/2022 12:00:00 AM,TARPON SPRINGS,FL,"=""34689""",Pinellas
W809190,OMAR,"=""20163426""",Resident,VALID,12/2/2021 12:00:00 AM,MIAMI,FL,"=""33185""",Dade
W809191,"LESSER AND COMPANY, INC.","=""8095587""",Resident,VALID,12/2/2021 12:00:00 AM,MIAMI LAKES,FL,"=""33186""",Dade
W831509,INTERNATIONAL ZP CONSULTING INC DBA IZP CONSULTING,"=""20246180""",Resident,VALID,2/22/2022 12:00:00 AM,PLANTATION,FL,"=""33324""",Broward
W813730,FOX ADJUSTERSLLC,"=""20178745""",Resident,VALID,12/16/2021 12:00:00 AM,MAITLAND,FL,"=""32751""",Orange
W817480,ADVOCATE CLAIMS PUBLIC ADJUSTERS,"=""20195404""",Resident,VALID,1/5/2022 12:00:00 AM,COCONUT CREEK,FL,"=""33073""",Broward
W807706,CENTRAL FLORIDA PROPERTY CLAIMS DBA INHOUSE ADJUSTING,"=""20158637""",Resident,VALID,11/29/2021 12:00:00 AM,ORLANDO,FL,"=""32814""",Orange
W807707,MAX CLAIM CONSULTANTS,"=""20158629""",Resident,VALID,11/29/2021 12:00:00 AM,PEMBROKE PINES,FL,"=""33029""",Broward
W807809,NATIONWIDE PUBLIC ADJUSTERS LLC,"=""20160316""",Resident,VALID,11/30/2021 12:00:00 AM,DORAL,FL,"=""33178""",Dade
W807963,YOUNG ADJUSTMENT COMPANY INC,"=""2014181""",Non-Resident,VALID,11/30/2021 12:00:00 AM,BLUE BELL,PA,"=""19422""",
W807547,CHAU CONSULTING CORP,"=""20158634""",Resident,VALID,11/29/2021 12:00:00 AM,MIAMI,FL,"=""33175""",Dade
W806239,NO LIMIT PUBLIC ADJUSTERS LLC,"=""20152843""",Resident,VALID,11/22/2021 12:00:00 AM,ROCKLEDGE,FL,"=""32955""",Brevard
W806242,"FOUR WINDS PUBLIC ADJUSTERS, INC","=""20152881""",Resident,VALID,11/22/2021 12:00:00 AM,LAUDERHILL,FL,"=""33351""",Broward
W806202,SUPREME PUBLIC ADJUSTING LLC,"=""19645412""",Resident,VALID,11/22/2021 12:00:00 AM,TAMPA,FL,"=""33602""",Hillsborough
W806223,"ALL LINES CONSULTING GROUP, LLC","=""20152850""",Resident,VALID,11/22/2021 12:00:00 AM,MIAMI BEACH,FL,"=""33141""",Dade
W824802,"LIGHTMAN & FIELDS PUBLIC INSURANCE ADJUSTERS, INC","=""20223680""",Resident,VALID,2/1/2022 12:00:00 AM,NORTH PALM BEACH,FL,"=""33408""",Palm Beach
W807549,"AAA A-1 ADJUSTERS ASSOCIATES LLC, DBA A1 ADJUSTERS ASSOCIATES LLC","=""20158620""",Resident,VALID,11/29/2021 12:00:00 AM,PEMBROKE PINES,FL,"=""33027""",Broward
W807438,FABBRO & COMPANY,"=""20156717""",Resident,VALID,11/26/2021 12:00:00 AM,CLEARWATER,FL,"=""33765""",Pinellas
W807439,"TRUE PUBLIC ADJUSTERS, INC.","=""20156716""",Resident,VALID,11/26/2021 12:00:00 AM,MIAMI,FL,"=""33173""",Dade
W809526,DOLPHIN PUBLIC ADJUSTERS INC.,"=""20164637""",Resident,VALID,12/3/2021 12:00:00 AM,MIAMI,FL,"=""33126""",Dade
W815767,AMERICAN CLAIMS LLC,"=""16606757""",Non-Resident,VALID,12/27/2021 12:00:00 AM,WESTMINSTER,CO,"=""80021""",
W820713,"ASAP PUBLIC ADJUSTING, INC","=""20207719""",Resident,VALID,1/18/2022 12:00:00 AM,HOLLYWOOD,FL,"=""33020""",Broward
W815698,RIGHT WAY PUBLIC ADJUSTING,"=""20187320""",Resident,VALID,12/27/2021 12:00:00 AM,TAMPA,FL,"=""33615""",Hillsborough
W839459,"ELITE RESOLUTIONS, INC.","=""20018512""",Resident,VALID,3/17/2022 12:00:00 AM,WESLEY CHAPEL,FL,"=""335435377""",Pasco
W822750,THE GOODMAN-GABLE-GOULD COMPANY,"=""7222968""",Non-Resident,VALID,1/25/2022 12:00:00 AM,BALTIMORE,MD,"=""21208""",
W810993,KNIGHTS INSURANCE ADJUSTING & ESTIMATING LLC,"=""20169604""",Resident,VALID,12/8/2021 12:00:00 AM,GENEVA,FL,"=""32732""",Seminole
W811529,"LABRADOR CLAIMS CONSULTANTS, INC.","=""8431298""",Resident,VALID,12/9/2021 12:00:00 AM,ORLANDO,FL,"=""32825""",Orange
W810994,ALL FORCE ADJUSTING LLC,"=""20169606""",Resident,VALID,12/8/2021 12:00:00 AM,ORLANDO,FL,"=""32806""",Orange
W822281,BEACH FRONT CLAIMS CONSULTANTS,"=""20214734""",Resident,VALID,1/24/2022 12:00:00 AM,BOYNTON BEACH,FL,"=""33435""",Palm Beach
W807579,"NORTHSIDE ADJUSTERS, LLC","=""20158631""",Resident,VALID,11/29/2021 12:00:00 AM,CAPE CORAL,FL,"=""33914""",Lee
W807458,BROWN & ASSOCIATES CLAIMS SERVICES INC.,"=""20158626""",Resident,VALID,11/29/2021 12:00:00 AM,WEST PALM BEACH,FL,"=""33413""",Palm Beach
W807120,AMERICA'S PUBLIC INSURANCE ADJUSTERS INC.,"=""20155957""",Resident,VALID,11/24/2021 12:00:00 AM,NEW SMYRNA BEACH,FL,"=""321685452""",Volusia
W807445,GLOBALPRO RECOVERY INC.,"=""16825956""",Resident,VALID,11/28/2021 12:00:00 AM,MIAMI,FL,"=""33133""",Dade
W806834,MIAMI ADJUSTING SERVICES INC,"=""20154642""",Resident,VALID,11/23/2021 12:00:00 AM,MIAMI BEACH,FL,"=""33140""",Dade
W807105,"YOUR PUBLIC ADJUSTER, INC","=""20155961""",Resident,VALID,11/24/2021 12:00:00 AM,DELAND,FL,"=""32724""",Volusia
W807399,EXCLUSIVE PUBLIC ADJUSTING INC,"=""20155999""",Resident,VALID,11/24/2021 12:00:00 AM,NORTH MIAMI,FL,"=""33181""",Dade
W810932,ALPHA PUBLIC INSURANCE ADJUSTERS LLC,"=""20169603""",Resident,VALID,12/8/2021 12:00:00 AM,PLANTATION,FL,"=""33324""",Broward
W806839,THE GOLDEN CLAIM,"=""20154627""",Resident,VALID,11/23/2021 12:00:00 AM,ORLANDO,FL,"=""32824""",Orange
W806840,"DIMONT & ASSOCIATES, LLC","=""9497645""",Non-Resident,VALID,11/23/2021 12:00:00 AM,SAN DIEGO,CA,"=""92108""",
W811404,CARLOS QUIROZ,"=""20171092""",Resident,VALID,12/9/2021 12:00:00 AM,WESLEY CHAPEL,FL,"=""33554""",Hillsborough
W811053,ACORN ADJUSTING,"=""20169611""",Resident,VALID,12/8/2021 12:00:00 AM,SARASOTA,FL,"=""34239""",Sarasota
W822405,BLUEPRINT CLAIMS LLC,"=""16827284""",Resident,VALID,1/24/2022 12:00:00 AM,DORAL,FL,"=""33122""",Dade
W806247,GOLD STAR ADJUSTERS,"=""19058558""",Resident,VALID,11/22/2021 12:00:00 AM,JACKSONVILLE,FL,"=""32257""",Duval
W825621,FLORIDA LOSS PUBLIC ADJUSTERS INC,"=""20226459""",Resident,VALID,2/3/2022 12:00:00 AM,PEMBROKE PINES,FL,"=""33024""",Broward
W805405,"FIRST CALL PUBLIC ADJUSTERS, LLC","=""20148918""",Resident,VALID,11/18/2021 12:00:00 AM,SANFORD,FL,"=""32771""",Seminole
W805406,ALL RISK CLAIMS CONSULTANTS,"=""16622593""",Resident,VALID,11/18/2021 12:00:00 AM,MIAMI,FL,"=""33137""",Dade
W805475,ADR FLORIDA INC.,"=""19842551""",Resident,VALID,11/18/2021 12:00:00 AM,CLEARWATER,FL,"=""33761""",Pinellas
W805407,GLOBAL CLAIMS SERVICES,"=""20148915""",Resident,VALID,11/18/2021 12:00:00 AM,CASSELBERRY,FL,"=""32707""",Seminole
W825735,BULLDOG ADJUSTERS,"=""20226443""",Resident,VALID,2/3/2022 12:00:00 AM,HALLANDALE BEACH,FL,"=""33009""",Broward
W805470,GOLDEN YEARS INSURANCE GROUP INC DBA GOLDEN YEARS PUBLIC ADJUSTERS,"=""15770674""",Resident,VALID,11/18/2021 12:00:00 AM,CRYSTAL RIVER,FL,"=""34429""",Citrus
W805485,FLORIDA CLAIMS ADVISORS INC,"=""20148920""",Resident,VALID,11/18/2021 12:00:00 AM,MIAMI,FL,"=""33179""",Dade
W805409,IFILE CLAIMS LLC,"=""20148895""",Resident,VALID,11/18/2021 12:00:00 AM,TAMPA,FL,"=""33647""",Hillsborough
W805410,PANTHER PUBLIC ADJUSTING,"=""19819131""",Resident,VALID,11/18/2021 12:00:00 AM,NORTH MIAMI BEACH,FL,"=""33162""",Dade
W805411,EXECUTIVE INSURANCE CLAIMS SERVICES CORP,"=""20148922""",Resident,VALID,11/18/2021 12:00:00 AM,MIAMI,FL,"=""33183""",Dade
W805412,LMNTARY CONSULTING GROUP LLC,"=""20148948""",Resident,VALID,11/18/2021 12:00:00 AM,ORANGE PARK,FL,"=""32073""",Clay
W805413,"A&H PUBLIC ADJUSTERS, CORP.","=""20148926""",Resident,VALID,11/18/2021 12:00:00 AM,DORAL,FL,"=""33172""",Dade
W805478,"AMERILOSS, INC","=""20148898""",Resident,VALID,11/18/2021 12:00:00 AM,MIRAMAR,FL,"=""33027""",Broward
W805414,CLAIM CONCEPTS,"=""20148946""",Resident,VALID,11/18/2021 12:00:00 AM,PALM BEACH GARDENS,FL,"=""33410""",Palm Beach
W805415,DAY ADJUSTING LLC,"=""19544933""",Resident,VALID,11/18/2021 12:00:00 AM,NAPLES,FL,"=""34102""",Collier
W805416,RELIANT ADJUSTERS GROUP INC,"=""16503699""",Resident,VALID,11/18/2021 12:00:00 AM,BOCA RATON,FL,"=""33432""",Palm Beach
W805417,NEJAME CLAIMS ADJUSTING INC.,"=""20148919""",Resident,VALID,11/18/2021 12:00:00 AM,MAITLAND,FL,"=""32751""",Seminole
W805419,SPECIALTY PUBLIC ADJUSTERS INC.,"=""20148953""",Resident,VALID,11/18/2021 12:00:00 AM,DORAL,FL,"=""33172""",Dade
W805420,BROTHERLY CLAIMS CONSULTANTS LLC,"=""20148883""",Resident,VALID,11/18/2021 12:00:00 AM,HOMESTEAD,FL,"=""33034""",Dade
W805489,QUICK CLAIMS CONSULTANTS CORP.,"=""20148897""",Resident,VALID,11/18/2021 12:00:00 AM,MIAMI,FL,"=""33142""",Dade
W806006,"CLAIMPROS, LLC.","=""20150220""",Resident,VALID,11/19/2021 12:00:00 AM,BOYNTON BEACH,FL,"=""33426""",Palm Beach
W806007,"CAPITAL CLAIMS, LLC","=""20150205""",Resident,VALID,11/19/2021 12:00:00 AM,JUPITER,FL,"=""33458""",Martin
W806008,GLOBE MIDWEST ADJUSTERS INTERNATIONAL,"=""7222963""",Non-Resident,VALID,11/19/2021 12:00:00 AM,SOUTHFIELD,MI,"=""48034""",
W806222,ELEMENTS U.S.A ADJUSTING,"=""20152889""",Resident,VALID,11/22/2021 12:00:00 AM,HOLLYWOOD,FL,"=""33020""",Broward
W806010,SEPIA GROUP LLC,"=""20150209""",Resident,VALID,11/19/2021 12:00:00 AM,ST AUGUSTINE,FL,"=""32086""",St. Johns
W806013,ACTION PUBLIC ADJUSTERS LLC,"=""20150243""",Resident,VALID,11/19/2021 12:00:00 AM,HALLANDALE BEACH,FL,"=""33312""",Broward
W806014,TOPLINE CLAIMS SERVICES,"=""20150201""",Resident,VALID,11/19/2021 12:00:00 AM,LIGHTHOUSE POINT,FL,"=""33064""",Broward
W806230,FOX PUBLIC INSURANCE ADJUSTERS INC,"=""20152855""",Resident,VALID,11/22/2021 12:00:00 AM,MELBOURNE BEACH,FL,"=""32951""",Brevard
W806266,"HURRY CLAIM PUBLIC ADJUSTERS LLC,","=""20152860""",Resident,VALID,11/22/2021 12:00:00 AM,MIAMI,FL,"=""33196""",Dade
W806017,RELIANT PUBLIC ADJUSTERS LLC,"=""20150237""",Resident,VALID,11/19/2021 12:00:00 AM,NAPLES,FL,"=""34110""",Collier
W807644,MIAMI PUBLIC ADJUSTERS,"=""20158632""",Resident,VALID,11/29/2021 12:00:00 AM,MIAMI,FL,"=""33143""",Dade
W805811,RELIANT INSURANCE ADJUSTERS LLC,"=""20150200""",Resident,VALID,11/19/2021 12:00:00 AM,BOCA RATON,FL,"=""33434""",Palm Beach
W844159,MOREAU CONSULTANTS,"=""8096478""",Resident,VALID,4/1/2022 12:00:00 AM,MIAMI,FL,"=""33155""",Dade
W825326,YOUR ADJUSTING TEAM,"=""20224877""",Resident,VALID,2/2/2022 12:00:00 AM,HOLT,FL,"=""32564""",Okaloosa
W847513,"COUTRAS & ASSOCIATES, LLC","=""20300226""",Non-Resident,VALID,4/13/2022 12:00:00 AM,LEBANON,TN,"=""37087""",
W829302,BARCLAYS PUBLIC ADJUSTERS,"=""20238305""",Resident,VALID,2/15/2022 12:00:00 AM,BOCA RATON,FL,"=""33487""",Palm Beach
W827979,ARMADA PUBLIC ADJUSTING,"=""20233706""",Resident,VALID,2/10/2022 12:00:00 AM,SPRING HILL,FL,"=""34606""",Hernando
W829216,MUNRA PUBLIC ADJUSTER,"=""20238304""",Resident,VALID,2/15/2022 12:00:00 AM,MIAMI,FL,"=""33166""",Dade
W833350,"CMC CLAIM CONSULTANTS, INC.","=""8201946""",Resident,VALID,2/28/2022 12:00:00 AM,PINECREST,FL,"=""33156""",Dade
W861855,STAR PUBLIC ADJUSTERS INC.,"=""20346307""",Resident,VALID,5/26/2022 12:00:00 AM,"MIAMI, FL",FL,"=""33165""",Dade
W831623,"USA DAMAGE CLAIMS SERVICES, LLC","=""20246174""",Resident,VALID,2/22/2022 12:00:00 AM,MIAMI,FL,"=""33146""",Dade
W831601,METRO PUBLIC ADJUSTMENT INC,"=""2014242""",Non-Resident,VALID,2/22/2022 12:00:00 AM,BENSALEM,PA,"=""	19020""",
W835853,DORSA AND ASSOCIATES LLC,"=""17810988""",Resident,VALID,3/7/2022 12:00:00 AM,ESTERO,FL,"=""33928""",Lee
W840086,CENTRAL FLORIDA CLAIMS INC.,"=""20274744""",Resident,VALID,3/21/2022 12:00:00 AM,MINNEOLA,FL,"=""34715""",Lake
W826144,ADVANTAGE PA INC,"=""20227528""",Resident,VALID,2/4/2022 12:00:00 AM,MIRAMAR,FL,"=""33023""",Broward
W853821,"THE CLAIM EXPERTS, LLC","=""20319719""",Resident,VALID,5/2/2022 12:00:00 AM,FT. LAUDERDALE,FL,"=""33332""",Broward
W841191,AWARE OWNER LLC,"=""16931165""",Non-Resident,VALID,3/23/2022 12:00:00 AM,MESA,AZ,"=""85209""",
W841183,"S.W.A.T., LLC","=""20105445""",Resident,VALID,3/23/2022 12:00:00 AM,WINTER SPRINGS,FL,"=""32708""",Seminole
W841188,SKY PROPERTY CLAIMS ADJUSTING,"=""20277652""",Resident,VALID,3/23/2022 12:00:00 AM,PEMBROKE PINES,FL,"=""33028""",Broward
W844279,SECURE CLAIMS GROUP LLC,"=""20287944""",Resident,VALID,4/1/2022 12:00:00 AM,HOLLYWOOD,FL,"=""33020""",Broward
W828254,UNITED DAMAGE ADJUSTERS,"=""20234966""",Resident,VALID,2/11/2022 12:00:00 AM,HOLLYWOOD,FL,"=""33021""",Broward
W845921,FH ADJUSTING INC,"=""20294467""",Resident,VALID,4/7/2022 12:00:00 AM,GENEVA,FL,"=""32732""",Seminole
W838619,"CRUCIAL CLAIMS, INC.","=""20268860""",Resident,VALID,3/15/2022 12:00:00 AM,LUTZ,FL,"=""33558""",Hillsborough
W830997,"PREFERRED ADJUSTING SERVICES, LLC","=""16185635""",Resident,VALID,2/21/2022 12:00:00 AM,CORAL GABLES,FL,"=""33134""",Dade
W839615,DASH PUBLIC ADJUSTERS,"=""20273059""",Resident,VALID,3/18/2022 12:00:00 AM,WEST PALM BEACH,FL,"=""33409""",Palm Beach
W831181,TITAN PUBLIC ADJUSTING LLC,"=""20243904""",Resident,VALID,2/21/2022 12:00:00 AM,MIAMI,FL,"=""33165""",Dade
W826432,"ECHELON PUBLIC ADJUSTING, LLC","=""20229644""",Resident,VALID,2/7/2022 12:00:00 AM,BOCA RATON,FL,"=""33433""",Palm Beach
W856039,TRIDENT PUBLIC ADJUSTERS,"=""20327420""",Resident,VALID,5/9/2022 12:00:00 AM,HOWEY-IN-THE-HILLS,FL,"=""34737""",Orange
W851002,CLAIMS ADVOCATE RESOLUTION EXPERTS LLC,"=""20310263""",Resident,VALID,4/22/2022 12:00:00 AM,"ORLANDO, FL",FL,"=""32819""",Orange
W827088,"SYNERGY PUBLIC ADJUSTERS, INC.","=""20232394""",Resident,VALID,2/9/2022 12:00:00 AM,BOCA RATON,FL,"=""33486""",Palm Beach
W835291,CFS PUBLIC ADJUSTERS LLC,"=""20257744""",Resident,VALID,3/4/2022 12:00:00 AM,ORLANDO,FL,"=""32819""",Orange
W856542,CLAIMS ADJUSTER LLC,"=""20328846""",Resident,VALID,5/10/2022 12:00:00 AM,MIAMI,FL,"=""33179""",Dade
W851723,PRIMESTATE PUBLIC ADJUSTERS,"=""8095798""",Resident,VALID,4/26/2022 12:00:00 AM,CORAL GABLES,FL,"=""33133""",Dade
W851401,"FAIR CLAIMS, LLC","=""20312120""",Resident,VALID,4/25/2022 12:00:00 AM,JENSEN BEACH,FL,"=""34957""",Martin
W851402,ALEX N. SILL CO.,"=""2014390""",Non-Resident,VALID,4/25/2022 12:00:00 AM,CLEVELAND,OH,"=""44131""",
W840088,TUTWILER & ASSOCIATES PUBLIC ADJUSTERS INC,"=""15816193""",Resident,VALID,3/21/2022 12:00:00 AM,TAMPA,FL,"=""336074186""",Hillsborough
W848476,SPEED CLAIMS,"=""20301758""",Resident,VALID,4/14/2022 12:00:00 AM,MIAMI,FL,"=""33166""",Dade
W840084,"WOLF PUBLIC ADJUSTERS, LLC","=""20274743""",Resident,VALID,3/21/2022 12:00:00 AM,MIAMI,FL,"=""33122""",Dade
W861222,ULTRA PROPERTY DAMAGE SOLUTIONS CORP,"=""20344937""",Resident,VALID,5/25/2022 12:00:00 AM,FORT LAUDERDALE,FL,"=""33312""",Broward
W827377,PROSPERITY PUBLIC ADJUSTERS LLC,"=""20232369""",Resident,VALID,2/9/2022 12:00:00 AM,WEST LAKE,FL,"=""33470""",Palm Beach
W860961,HOMEOWNER CLAIMS HELP INC,"=""20343509""",Resident,VALID,5/24/2022 12:00:00 AM,NEW PORT RICHEY,FL,"=""34654""",Pasco
W862432,SPACE COAST PUBLIC ADJUSTERS,"=""20349508""",Resident,VALID,5/31/2022 12:00:00 AM,COCOA,FL,"=""32927""",Brevard
W856713,CLAIMS PRO USA,"=""20330231""",Resident,VALID,5/11/2022 12:00:00 AM,ST CLOUD,FL,"=""34772""",Osceola
W863708,INTEGRITY CLAIMS CONSULTANTS,"=""20356186""",Resident,VALID,6/3/2022 12:00:00 AM,FORT MYERS,FL,"=""33913""",Lee
W863709,ANCIENT CITY ADJUSTERS,"=""20356189""",Resident,VALID,6/3/2022 12:00:00 AM,ST. AUGUSTINE,FL,"=""32084""",St. Johns
W866665,R-D ADJUSTING LLC,"=""20363614""",Resident,VALID,6/13/2022 12:00:00 AM,FORT PIERCE,FL,"=""34982""",St. Lucie
W866178,"READJUSTED, LLC","=""20361484""",Resident,VALID,6/10/2022 12:00:00 AM,CAPE CORAL,FL,"=""33904""",Lee
W866580,"JANSEN/ADJUSTERS INTERNATIONAL, LLC","=""18295990""",Non-Resident,VALID,6/13/2022 12:00:00 AM,HOUSTON,TX,"=""77067""",
W840150,FLORIDA PROPERTY DAMAGE CONSULTING,"=""20274691""",Resident,VALID,3/21/2022 12:00:00 AM,LAUDERHILL,FL,"=""33351""",Broward
W864208,VICTORY CLAIMS CONSULTING LLC,"=""19737519""",Resident,VALID,6/6/2022 12:00:00 AM,WELLINGTON,FL,"=""33411""",Palm Beach
W840353,AMERICAN CLAIM SOLUTION LLC DBA FIRST CLAIM,"=""20274728""",Resident,VALID,3/21/2022 12:00:00 AM,DORAL,FL,"=""33122""",Dade
W859526,TRUST PUBLIC ADJUSTING GROUP,"=""20339226""",Resident,VALID,5/19/2022 12:00:00 AM,DAYTONA BEACH FLORIDA,FL,"=""32118""",Volusia
W864362,"CENTRAL FLORIDA PUBLIC ADJUSTERS II, INC","=""20356175""",Resident,VALID,6/6/2022 12:00:00 AM,SPRING HILL,FL,"=""34609""",Hernando
W863408,ELITE CLAIMS ADJUSTERS LLC,"=""20352370""",Resident,VALID,6/2/2022 12:00:00 AM,HIALEAH,FL,"=""33010""",Dade
W846832,MAPLE LEAF PUBLIC ADJUSTERS,"=""20297161""",Resident,VALID,4/11/2022 12:00:00 AM,CORAL SPRINGS,FL,"=""33076""",Broward
W865188,"ADEMAR THE PUBLIC ADJUSTING FIRM, INC.","=""8203071""",Resident,VALID,6/8/2022 12:00:00 AM,MIAMI,FL,"=""33175""",Dade
W863472,"FLORIDA ALLSTAR PUBLIC ADJUSTING, INC.","=""20352357""",Resident,VALID,6/2/2022 12:00:00 AM,FT LAUDERDALE,FL,"=""33327""",Broward
W870148,TRUPOINT PUBLIC ADJUSTERS,"=""20374920""",Resident,VALID,6/23/2022 12:00:00 AM,FORT LAUDERDALE,FL,"=""33309""",Broward
W865005,ALL DADE PUBLIC ADJUSTERS LLC,"=""20357463""",Resident,VALID,6/7/2022 12:00:00 AM,NORTH MIAMI,FL,"=""33181""",Dade
W867595,INTERSTATE ADJUSTERS INC.,"=""15886885""",Non-Resident,VALID,6/15/2022 12:00:00 AM,GARDEN CITY,NY,"=""11530""",
W858587,CLAIM PARTNER,"=""20336345""",Resident,VALID,5/17/2022 12:00:00 AM,MIAMI,FL,"=""33137""",Dade
W866165,"CONSUMER CLAIMS ASSOCIATES, INC.","=""20361504""",Resident,VALID,6/10/2022 12:00:00 AM,POMPANO BEACH,FL,"=""33062""",Broward
W863478,BEST CHOICE PUBLIC ADJUSTERS GROUP LLC,"=""20352354""",Resident,VALID,6/2/2022 12:00:00 AM,MIAMI,FL,"=""33142""",Dade
W842001,FIREHOUSE ADJUSTERS,"=""20280370""",Resident,VALID,3/25/2022 12:00:00 AM,PARKLAND,FL,"=""33067""",Broward
W865042,"ETREME PUBLIC ADJUSTERS, LLC.","=""20357467""",Resident,VALID,6/7/2022 12:00:00 AM,WINTER GARDEN,FL,"=""34787""",Orange
W865439,"RANCIATO PUBLIC ADJUSTERS GROUP, LLC","=""20358995""",Resident,VALID,6/8/2022 12:00:00 AM,WESLEY CHAPEL,FL,"=""33544""",Pasco
W865442,CLAIM ADVOCATE LLC,"=""20358988""",Resident,VALID,6/8/2022 12:00:00 AM,MIAMI,FL,"=""33170""",Dade
W832227,FLORIDA COASTAL CLAIMS LLC,"=""20248731""",Resident,VALID,2/24/2022 12:00:00 AM,CALLAHAN,FL,"=""32011""",Nassau
W863615,PREMIER PROPERTY ADJUSTERS,"=""20356174""",Resident,VALID,6/3/2022 12:00:00 AM,COOPER CITY,FL,"=""33026""",Broward
W863616,CADI CLAIMS INC,"=""8261453""",Resident,VALID,6/3/2022 12:00:00 AM,MIAMI,FL,"=""33155""",Dade
W864266,SIPE ADJUSTMENT GROUP,"=""7822583""",Non-Resident,VALID,6/6/2022 12:00:00 AM,TOMS RIVER,NJ,"=""08753""",
W846297,FORTIFIED CLAIMS SOLUTIONS INC.,"=""20295379""",Resident,VALID,4/8/2022 12:00:00 AM,WELLINGTON,FL,"=""33414""",Palm Beach
W858610,"M.C.PLIETZ, INC","=""20336348""",Resident,VALID,5/17/2022 12:00:00 AM,MIAMI,FL,"=""33155""",Dade
W861691,MJL PUBLIC ADJUSTING & CONSULTING LLC,"=""20346317""",Resident,VALID,5/26/2022 12:00:00 AM,LOXAHATCHEE,FL,"=""33470""",Palm Beach
W831220,"ORLANDO PUBLIC ADJUSTERS, LLC.","=""20243903""",Resident,VALID,2/21/2022 12:00:00 AM,ORLANDO,FL,"=""32801""",Orange
W846670,EASY CLAIMS PUBLIC ADJUSTERS,"=""20297163""",Resident,VALID,4/11/2022 12:00:00 AM,KISSIMMEE,FL,"=""34744""",Osceola
W863280,QUEST PUBLIC INSURANCE ADJUSTERS,"=""20352366""",Resident,VALID,6/2/2022 12:00:00 AM,PALM BEACH GARDENS,FL,"=""33418""",Palm Beach
W887966,"PREMIER CLAIMS, LLC","=""18527733""",Non-Resident,VALID,8/17/2022 12:00:00 AM,OMAHA,NE,"=""68164""",
W836328,SNG INSURANCE CLAIMS SERVICE,"=""20261374""",Resident,VALID,3/8/2022 12:00:00 AM,MARGATE,FL,"=""33063""",Broward
W866168,COMPASS CLAIM CONSULTANTS,"=""20361495""",Resident,VALID,6/10/2022 12:00:00 AM,MIAMI SHORES,FL,"=""33138""",Dade
W866177,"PROPERTY CLAIM CONSULTANTS,INC","=""8095837""",Resident,VALID,6/10/2022 12:00:00 AM,MIAMI,FL,"=""33185""",Dade
W854764,LASER PUBLIC ADJUSTING,"=""20324243""",Resident,VALID,5/5/2022 12:00:00 AM,HOLLYWOOD,FL,"=""33012""",Broward
W863698,"SABEL ADJUSTERS, LLC","=""20356182""",Non-Resident,VALID,6/3/2022 12:00:00 AM,PLYMOUTH,MA,"=""02360""",
W866542,"BAY AREA PUBLIC ADJUSTER, INC","=""20363607""",Resident,VALID,6/13/2022 12:00:00 AM,DADE CITY,FL,"=""33525""",Pasco
W835752,"SUNSHINE STATE HOLDINGS & SERVICES, INC DBA ROSE &","=""20259500""",Resident,VALID,3/7/2022 12:00:00 AM,TAMPA,FL,"=""336262342""",Hillsborough
W835753,ELITE ADJUSTING INC,"=""20259488""",Resident,VALID,3/7/2022 12:00:00 AM,WINTER HAVEN,FL,"=""33881""",Polk
W837128,USA CLAIMS CONSULTANTS INC.,"=""20264313""",Resident,VALID,3/10/2022 12:00:00 AM,CORAL SPRINGS,FL,"=""33076""",Broward
W835754,"OPTIMUM PUBLIC ADJUSTERS, INC.","=""20259492""",Resident,VALID,3/7/2022 12:00:00 AM,DEERFIELD BEACH,FL,"=""33441""",Broward
W835755,"DIAMONDBACK PUBLIC ADJUSTERS,LLC","=""20259499""",Resident,VALID,3/7/2022 12:00:00 AM,ORLANDO,FL,"=""32839""",Orange
W837755,SOUTHERN SCOPES & SERVICES,"=""20266001""",Resident,VALID,3/13/2022 12:00:00 AM,LAKELAND,FL,"=""33801""",Polk
W835757,ESSENTIAL CLAIM CONSULTING INC.,"=""20259490""",Resident,VALID,3/7/2022 12:00:00 AM,PENSACOLA,FL,"=""32514""",Escambia
W837757,"RYAN CLAIMS & CONSULTING GROUP, INC DBA EXODUS PUBLIC ADJUSTERS","=""20265982""",Resident,VALID,3/13/2022 12:00:00 AM,WEST PALM BEACH,FL,"=""33411""",Palm Beach
W858880,CRAYTON ADJUSTING GROUP,"=""20336354""",Resident,VALID,5/17/2022 12:00:00 AM,ORLANDO,FL,"=""32817""",Orange
W837808,THE ORDMAN ELITE GROUP INC,"=""20267366""",Resident,VALID,3/14/2022 12:00:00 AM,ESTERO,FL,"=""33928""",Lee
W833474,TIER ONE PUBLIC ADJUSTERS INC,"=""19899654""",Resident,VALID,2/28/2022 12:00:00 AM,TAMPA,FL,"=""33615""",Lake
W845927,CRESTVIEW PUBLIC ADJUSTERS LLC,"=""19466367""",Non-Resident,VALID,4/7/2022 12:00:00 AM,HACKENSACK,NJ,"=""07601""",
W829625,SHEER INDEMNITY ADJUSTING LLC,"=""20239887""",Resident,VALID,2/16/2022 12:00:00 AM,FLAGLER BEACH,FL,"=""32136""",Flagler
W836684,CLAIM SOLVED PUBLIC ADJUSTER CORP,"=""20262889""",Resident,VALID,3/9/2022 12:00:00 AM,WESTON,FL,"=""33326""",Broward
W826556,P&S PUBLIC ADJUSTERS,"=""20229645""",Resident,VALID,2/7/2022 12:00:00 AM,MIAMI,FL,"=""33131""",Dade
W830241,YOURINSURANCECLAIM.COM,"=""20241421""",Resident,VALID,2/17/2022 12:00:00 AM,MIAMI,FL,"=""33131""",Dade
W862397,"ASSOCIATION ADJUSTING, LLC","=""20349507""",Resident,VALID,5/31/2022 12:00:00 AM,FT. LAUDERDALE,FL,"=""33301""",Broward
W831168,"KENT, MAYFAIR AND ASSOCIATES LLC","=""19730531""",Resident,VALID,2/21/2022 12:00:00 AM,TAMPA,FL,"=""33602""",Hillsborough
W829236,"ROBERT A. LUCAS AND ASSOCIATES, INC DBA LUCAS PROF","=""3686999""",Non-Resident,VALID,2/15/2022 12:00:00 AM,SUNAPEE,NH,"=""03782""",
W840269,GUARDIAN CLAIM SOLUTIONS,"=""20274699""",Resident,VALID,3/21/2022 12:00:00 AM,ORLANDO,FL,"=""32820""",Orange
W863292,"JUSTICE PUBLIC ADJUSTERS, LLC","=""20003902""",Resident,VALID,6/2/2022 12:00:00 AM,WESTON,FL,"=""33326""",Broward
W862875,HOLLYWOOD PUBLIC ADJUSTERS LLC,"=""20350927""",Resident,VALID,6/1/2022 12:00:00 AM,HOLLYWOOD,FL,"=""33020""",Broward
W864350,AFFILIATED ADJUSTMENT GROUP OF FLORIDA LLC,"=""20356173""",Non-Resident,VALID,6/6/2022 12:00:00 AM,LAKE SUCCESS,NY,"=""11042""",
W844799,DON BRITT PUBLIC ADJUSTER,"=""20289897""",Resident,VALID,4/4/2022 12:00:00 AM,NAVARRE,FL,"=""32566""",Santa Rosa
W847588,FTC PUBLIC ADJUSTERS,"=""20300242""",Resident,VALID,4/13/2022 12:00:00 AM,PEMBROKE PINES,FL,"=""33027""",Broward
W829864,"RODRIGUEZ CLAIM CONSULTANTS, INC.","=""8277938""",Resident,VALID,2/16/2022 12:00:00 AM,HOMESTEAD,FL,"=""33033""",Dade
W838456,PROPERTY AND CASUALTY LOSS ADJUSTERS,"=""20268876""",Resident,VALID,3/15/2022 12:00:00 AM,MIAMI,FL,"=""33155""",Dade
W828842,MEDALLION CLAIMS CONSULTANTS INC.,"=""20236849""",Resident,VALID,2/14/2022 12:00:00 AM,LAKELAND,FL,"=""33801""",Polk
W856806,PRIVATE CLIENTS PA,"=""20330227""",Resident,VALID,5/11/2022 12:00:00 AM,AVENTURA,FL,"=""33180""",Dade
W837500,1-STOP PUBLIC ADJUSTING SERVICES,"=""20265543""",Resident,VALID,3/11/2022 12:00:00 AM,BOCA RATON,FL,"=""33432""",Palm Beach
W854138,"NEW PATH ADJUSTING GROUP, INC","=""20321243""",Resident,VALID,5/3/2022 12:00:00 AM,MIAMI,FL,"=""33158""",Dade
W838482,"TROPICAL LOSS CONSULTANTS, INC","=""20268887""",Resident,VALID,3/15/2022 12:00:00 AM,LAKE WORTH,FL,"=""334636858""",Palm Beach
W840851,"THE PROPERTY DAMAGE AUTHORITY, LLC.","=""20276098""",Resident,VALID,3/22/2022 12:00:00 AM,APOPKA,FL,"=""32712""",Orange
W855616,"FOUNTAINHEAD PUBLIC ADJUSTERS, LLC","=""20325644""",Resident,VALID,5/6/2022 12:00:00 AM,PALM HARBOR,FL,"=""34683""",Pinellas
W851112,TRIUNFO INSURANCE CLAIMS,"=""20310269""",Resident,VALID,4/22/2022 12:00:00 AM,VERO BEACH,FL,"=""32962""",Indian River
W839488,A PLUS CLAIMS LLC,"=""20271644""",Resident,VALID,3/17/2022 12:00:00 AM,MIAMI,FL,"=""33016""",Dade
W858730,"AMERICAN ADJUSTING GROUP, LLC","=""20336341""",Resident,VALID,5/17/2022 12:00:00 AM,ST. PETERSBURG,FL,"=""33702""",Pinellas
W841520,"STRATEGIC CLAIM CONSULTANTS, LLC","=""18690127""",Resident,VALID,3/24/2022 12:00:00 AM,LUTZ,FL,"=""33558""",Hillsborough
W837756,"SARASOHN & COMPANY, INC.","=""20265984""",Resident,VALID,3/13/2022 12:00:00 AM,BOCA RATON,FL,"=""33432""",Palm Beach
W842999,HAPPY HOME CLAIMS,"=""20283780""",Resident,VALID,3/29/2022 12:00:00 AM,HOMESTEAD,FL,"=""33032""",Dade
W853748,"SUPREME PUBLIC ADJUSTORS, INC","=""20319478""",Resident,VALID,5/2/2022 12:00:00 AM,OLDSMAR,FL,"=""34677""",Pinellas
W834667,ORANGE PUBLIC ADJUSTERS,"=""20256469""",Resident,VALID,3/3/2022 12:00:00 AM,CLERMONT,FL,"=""34714""",Lake
W846175,KINGWELL CORP CLAIM ADJUSTING,"=""20295443""",Resident,VALID,4/8/2022 12:00:00 AM,DAVIE,FL,"=""33312""",Broward
W834680,"CONTINENTAL ADJUSTERS, INC.","=""9166849""",Non-Resident,VALID,3/3/2022 12:00:00 AM,MCKINNEY,TX,"=""75070""",
W836695,"PROPERTY CLAIM COUNSELORS, LLC","=""20262883""",Resident,VALID,3/9/2022 12:00:00 AM,PENSACOLA,FL,"=""32506""",Escambia
W849888,PREMIER CLAIMS CONSULTANT CORP,"=""20305818""",Resident,VALID,4/19/2022 12:00:00 AM,MIAMI,FL,"=""33186""",Dade
W870388,"MAG PUBLIC ADJUSTERS, INC","=""20374922""",Non-Resident,VALID,6/23/2022 12:00:00 AM,ROCKLAND,MA,"=""02370""",
W871102,YOUR PROPERTY ADJUSTER LLC,"=""20378183""",Resident,VALID,6/27/2022 12:00:00 AM,BELLEAIR,FL,"=""33756""",Pinellas
W865836,"MURPHY ETC CONSULTING, INC.","=""20360425""",Resident,VALID,6/9/2022 12:00:00 AM,BISCAYNE PARK,FL,"=""33161""",Dade
W866291,SUPREME CLAIM CONSULTANTS LLC,"=""20361493""",Resident,VALID,6/10/2022 12:00:00 AM,MIAMI,FL,"=""33172""",Dade
W869426,"STAR QUALITY CLAIMS, INC.","=""20371895""",Resident,VALID,6/21/2022 12:00:00 AM,MIAMI,FL,"=""33196""",Dade
W867864,"SCOPE & CLAIM, CO","=""8434383""",Resident,VALID,6/15/2022 12:00:00 AM,MIAMI,FL,"=""33186""",Dade
W868614,"RAMP PROGRAM, LLC","=""20369238""",Resident,VALID,6/17/2022 12:00:00 AM,LARGO,FL,"=""33777""",Pinellas
W868615,"BRIDGEPOINT GLOBAL ER,LLC","=""20369242""",Resident,VALID,6/17/2022 12:00:00 AM,LARGO,FL,"=""33777""",Pinellas
W867109,EASY CLAIMS PROFESSIONALS LLC,"=""20365088""",Resident,VALID,6/14/2022 12:00:00 AM,MIAMI,FL,"=""33183""",Dade
W871634,PIA OF FLORIDA,"=""20379834""",Resident,VALID,6/28/2022 12:00:00 AM,RIVERVIEW,FL,"=""33578""",Dade
W866142,JONATHAN CABRERA,"=""20361491""",Resident,VALID,6/10/2022 12:00:00 AM,MIAMI,FL,"=""33130""",Dade
W869253,AVIVA INSURANCE ADJUSTERS CORP,"=""20370622""",Resident,VALID,6/20/2022 12:00:00 AM,HUDSON,FL,"=""34667""",Pasco
W867554,"FAIR CLAIMS CONSULTANTS, LLC","=""20366466""",Resident,VALID,6/15/2022 12:00:00 AM,MIAMI,FL,"=""33193""",Dade
W867552,"COASTAL PUBLIC ADJUSTERS, LLC","=""20366463""",Resident,VALID,6/15/2022 12:00:00 AM,BOCA RATON,FL,"=""33431""",Palm Beach
W867998,J DAVIS INC. DBA STEADFAST PUBLIC ADJUSTERS,"=""20367974""",Resident,VALID,6/16/2022 12:00:00 AM,PARKLAND,FL,"=""330762886""",Broward
W882990,SYNERGY CLAIMS GROUP,"=""20415845""",Resident,VALID,8/3/2022 12:00:00 AM,OSPREY,FL,"=""34229""",Sarasota
W877648,FAIR CHANCE CLAIMS LLC,"=""18724157""",Resident,VALID,7/19/2022 12:00:00 AM,MIRAMAR BEACH,FL,"=""32550""",Walton
W883929,"THE FUSCO GROUP PARTNERS, INC. DBA WORLDCLAIM","=""15582334""",Non-Resident,VALID,8/5/2022 12:00:00 AM,NISKAYUNA,NY,"=""12309""",
W873560,ACCLAIM PUBLIC ADJUSTERS  INC.,"=""20386749""",Resident,VALID,7/6/2022 12:00:00 AM,CORAL GABLES,FL,"=""33134""",Dade
W883445,FAIR CLAIM EXPERTS PUBLIC ADJUSTERS,"=""20417416""",Resident,VALID,8/4/2022 12:00:00 AM,ORLANDO,FL,"=""32804""",Orange
G121502,TEST ADJUSTING FIRM,"=""21172705""",Resident,VALID,10/27/2025 12:00:00 AM,TALLAHASSEE,FL,"=""32303""",Leon
W900588,CLAIMING AMERICA,"=""20470663""",Resident,VALID,9/21/2022 12:00:00 AM,CLEARWATER,FL,"=""33763""",Pinellas
W887598,FIRST CLASS CLAIMS ADJUSTERS,"=""20430088""",Resident,VALID,8/16/2022 12:00:00 AM,FORT LAUDERDALE,FL,"=""33309""",Broward
W882992,2131 COLLECTIVE,"=""20415862""",Resident,VALID,8/3/2022 12:00:00 AM,CAPE CORAL,FL,"=""33914""",Lee
W891910,UNIFIED PUBLIC ADVOCACY A NJ NONPROFIT COPRORATION,"=""19159351""",Non-Resident,VALID,8/29/2022 12:00:00 AM,NEWTOWN,PA,"=""18940""",
W896256,"FLORIDA CERTIFIED PUBLIC INSURANCE ADJUSTERS, LLC","=""20457758""",Resident,VALID,9/10/2022 12:00:00 AM,PORT SAINT LUCIE,FL,"=""34986""",St. Lucie
W885360,"CLAIMPRO NOW, INC.","=""20423570""",Resident,VALID,8/10/2022 12:00:00 AM,MIAMI,FL,"=""33176""",Dade
W896510,"1ST RESPONSE PUBLIC ADJUSTERS, INC","=""20459854""",Resident,VALID,9/12/2022 12:00:00 AM,MIAMI,FL,"=""33131""",Dade
W873356,SKETCHTIMATES INC,"=""20385292""",Resident,VALID,7/5/2022 12:00:00 AM,CORAL SPRINGS,FL,"=""33076""",Broward
W881572,CMD CLAIM CONSULTANTS LLC,"=""20411223""",Resident,VALID,7/29/2022 12:00:00 AM,SEMINOLE,FL,"=""33772""",Pinellas
W880493,STRATEGIC CLAIM ADJUSTERS LLC,"=""20406968""",Resident,VALID,7/26/2022 12:00:00 AM,MIAMI,FL,"=""33138""",Dade
W883470,STRONGHOLD PUBLIC ADJUSTERS LLC,"=""20417418""",Resident,VALID,8/4/2022 12:00:00 AM,HALLANDALE BEACH,FL,"=""33009""",Broward
W888297,ON TARGET CLAIMS,"=""20433147""",Resident,VALID,8/18/2022 12:00:00 AM,LAKE WORTH,FL,"=""33467""",Palm Beach
W886023,ASK AN ADJUSTER SOUTH FL LLC,"=""20426370""",Resident,VALID,8/12/2022 12:00:00 AM,MELBOURNE,FL,"=""32934""",Brevard
W907454,PREFERRED CLAIMS CONSULTANTS INC,"=""20482101""",Resident,VALID,10/1/2022 12:00:00 AM,DAVIE,FL,"=""33330""",Broward
W906895,TRIDENT PUBLIC ADJUSTERS CORP,"=""20481678""",Resident,VALID,9/30/2022 12:00:00 AM,NORTH MIAMI,FL,"=""33181""",Dade
W904237,"CCS PARTNERS, INC. DBA COMPLETE CONSULTING SERVICE","=""20478837""",Non-Resident,VALID,9/28/2022 12:00:00 AM,UTICA,NY,"=""13502""",
W906894,CLOUD 9 CLAIMS LLC,"=""20481679""",Resident,VALID,9/30/2022 12:00:00 AM,NAPLES,FL,"=""34103""",Collier
W881677,INS CLAIMS SOLNS SVCS INC/ NERREN CLAIMS CNSLTS,"=""20411225""",Resident,VALID,7/29/2022 12:00:00 AM,CUTLER BAY,FL,"=""33189""",Dade
W887875,"DIETZ INTERNATIONAL ADJUSTERS, INC.","=""8161681""",Non-Resident,VALID,8/17/2022 12:00:00 AM,IRVING,TX,"=""75039""",
W887877,M&T ADJUSTERS,"=""20431633""",Resident,VALID,8/17/2022 12:00:00 AM,TAMPA,FL,"=""33624""",Hillsborough
W912414,IRONCLAIM,"=""17654596""",Non-Resident,VALID,10/9/2022 12:00:00 AM,ATLANTA,GA,"=""30305""",
W873072,MOORE INTERNATIONAL CLAIMS ADJUSTERS INC,"=""4649613""",Non-Resident,VALID,7/5/2022 12:00:00 AM,BROOKLYN,NY,"=""11234""",
W906893,"FAIR CLAIM SETTLEMENT, LLC","=""20481681""",Resident,VALID,9/30/2022 12:00:00 AM,JUPITER,FL,"=""33458""",Palm Beach
W906657,COVERED LOSS CONSULTING LLC,"=""20481709""",Resident,VALID,9/30/2022 12:00:00 AM,WINDEREMERE,FL,"=""33702""",Orange
W889196,SUNSTAR CLAIM ADJUSTERS,"=""20434416""",Resident,VALID,8/19/2022 12:00:00 AM,PEMBROKE PINES,FL,"=""33027""",Broward
W925090,DTL GLOBAL LLC,"=""16924783""",Non-Resident,VALID,11/9/2022 12:00:00 AM,ST. PAUL,MN,"=""55104""",
W906892,"INSURANCE CLAIM SOLUTIONS, INC.","=""8097279""",Resident,VALID,9/30/2022 12:00:00 AM,MIAMI,FL,"=""33155""",Dade
W889579,UNIQUE CLAIMS SOLUTIONS LLC,"=""20436176""",Resident,VALID,8/22/2022 12:00:00 AM,DELAND,FL,"=""32724""",Volusia
W902040,EPIC CLAIMS CONSULTANTS,"=""20475795""",Resident,VALID,9/26/2022 12:00:00 AM,BOYNTON BEACH,FL,"=""33426""",Palm Beach
W903655,OMEGA INSURANCE CLAIMS LLC,"=""20477428""",Resident,VALID,9/27/2022 12:00:00 AM,PEMBROKE PINES,FL,"=""33029""",Broward
W889790,MORE MONEY LLC.,"=""20436185""",Resident,VALID,8/22/2022 12:00:00 AM,BRADENTON,FL,"=""34211""",Manatee
W897550,MAXIMUM INSURANCE ADJUSTERS INC DBA MAXIMUM CLAIM MANAGEMENT,"=""16828326""",Resident,VALID,9/14/2022 12:00:00 AM,MIAMI,FL,"=""33179""",Dade
W911415,"ADJUSTERS INTERNATIONAL-MBC, LLC","=""19334451""",Non-Resident,VALID,10/7/2022 12:00:00 AM,WESTMINSTER,CO,"=""80234""",
W878697,CUSHING CLAIMS,"=""20402378""",Resident,VALID,7/21/2022 12:00:00 AM,PORT ST LUCIE,FL,"=""34953""",St. Lucie
W903496,"XPERT PUBLIC ADJUSTERS AND CONSULTANTS, INC.","=""20477426""",Resident,VALID,9/27/2022 12:00:00 AM,POMPANO BEACH,FL,"=""33064""",Broward
W880108,PROPERTY PROTECTORS LLC,"=""20406992""",Resident,VALID,7/26/2022 12:00:00 AM,LARGO,FL,"=""337731141""",Pinellas
W901211,ROSE & ROSE PUBLIC ADJUSTERS,"=""20472331""",Resident,VALID,9/22/2022 12:00:00 AM,TAMPA,FL,"=""336111009""",Hillsborough
W894577,PAJOE INC.,"=""20452826""",Resident,VALID,9/6/2022 12:00:00 AM,PARKLAND,FL,"=""33076""",Broward
W902547,STARK LOSS CONSULTANTS,"=""19277878""",Non-Resident,VALID,9/26/2022 12:00:00 AM,MANSFIELD,MA,"=""02048""",
W877268,FLORIDA PREMIUM CLAIMS CORP.,"=""20398384""",Resident,VALID,7/18/2022 12:00:00 AM,MIAMI,FL,"=""33126""",Broward
W907671,"LAS ENTERPRISES, INC. DBA CAT ADJUSTERS","=""20482099""",Resident,VALID,10/2/2022 12:00:00 AM,ORLANDO,FL,"=""32804""",Orange
W876400,ON POINT PUBLIC ADJUSTERS,"=""20395253""",Resident,VALID,7/14/2022 12:00:00 AM,DEERFIELD BEACH,FL,"=""33442""",Broward
W885397,FIRST GLOBAL ADJUSTERS LLC,"=""20423579""",Resident,VALID,8/10/2022 12:00:00 AM,MIAMI,FL,"=""33180""",Dade
W871065,RECOVERY ADJUSTER LLC,"=""20378179""",Resident,VALID,6/27/2022 12:00:00 AM,FORT LAUDERDALE,FL,"=""33316""",Broward
W900591,"WARRIOR ADJUSTERS, LLC","=""20470662""",Resident,VALID,9/21/2022 12:00:00 AM,ORLANDO FL,FL,"=""32824""",Orange
W901088,PEOPLE CLAIMS ADJUSTING LLC,"=""20472336""",Resident,VALID,9/22/2022 12:00:00 AM,HOLLYWOOD,FL,"=""33021""",Broward
W901734,PALADIN PUBLIC ADJUSTERS,"=""20473709""",Resident,VALID,9/23/2022 12:00:00 AM,HALLANDALE BEACH,FL,"=""33009""",Broward
W901738,ELEVATE CLAIM ADJUSTERS LLC,"=""20473682""",Resident,VALID,9/23/2022 12:00:00 AM,DORAL,FL,"=""33172""",Dade
W889324,"FLORIDA CLAIMS SOLUTION, LLC","=""20434418""",Resident,VALID,8/19/2022 12:00:00 AM,WEST PALM BEACH,FL,"=""33412""",Palm Beach
W884583,"JEHL CONSULTING, LLC","=""20420658""",Resident,VALID,8/8/2022 12:00:00 AM,LAND O LAKES,FL,"=""34637""",Pasco
W877931,"CONSULTING ADJUSTER OF SOUTH FLORIDA, INC","=""20401123""",Resident,VALID,7/20/2022 12:00:00 AM,MIAMI LAKES,FL,"=""33016""",Dade
W892756,INFANTE ADJUSTMENT BUREAU,"=""20447626""",Resident,VALID,8/31/2022 12:00:00 AM,WEST PALM BEACH,FL,"=""33411""",Palm Beach
W891617,CONTINENTAL PUBLIC ADJUSTERS,"=""8344936""",Resident,VALID,8/26/2022 12:00:00 AM,GREENVILLE,FL,"=""32331""",Madison
W881568,"CHAMPION PUBLIC ADJUSTING, LLC","=""20411247""",Resident,VALID,7/29/2022 12:00:00 AM,BOCA RATON,FL,"=""33432""",Palm Beach
W894509,"CLAIMS PRO ADJUSTER, LLC","=""19831657""",Resident,VALID,9/6/2022 12:00:00 AM,TAMPA,FL,"=""33624""",Hillsborough
W877047,NATIONAL PUBLIC ADJUSTING SERVICES LLC,"=""20398376""",Resident,VALID,7/18/2022 12:00:00 AM,MIAMI,FL,"=""33196""",Dade
W905813,MASTER ADJUSTERS & CONSULTANTS LLC,"=""20480405""",Resident,VALID,9/29/2022 12:00:00 AM,MIAMI,FL,"=""33196""",Dade
W905815,MJL CLAIMS CORP,"=""20480399""",Resident,VALID,9/29/2022 12:00:00 AM,BOCA RATON,FL,"=""33496""",Palm Beach
W873715,"BEARTREE AND ASSOCIATES, LLC","=""20386734""",Resident,VALID,7/6/2022 12:00:00 AM,TALLAHASSEE,FL,"=""32310""",Leon
D071259,FALCONTRUST GROUP,"=""4559481""",Resident,VALID,7/13/2022 12:00:00 AM,MIAMI,FL,"=""33186""",Dade
W905610,FLORIDA STATE PUBLIC ADJUSTERS,"=""20480396""",Resident,VALID,9/29/2022 12:00:00 AM,BOCA RATON,FL,"=""33487""",Palm Beach
W919416,CLAIMS ASSIST FLORIDA LLC,"=""20512920""",Resident,VALID,10/25/2022 12:00:00 AM,TAMPA,FL,"=""33624""",Hillsborough
W903968,INTEGRITY CLAIM SOLUTIONS LLC,"=""20478839""",Resident,VALID,9/28/2022 12:00:00 AM,ST. PETERSBURG,FL,"=""33709""",Pinellas
W907640,"SMARTO PUBLIC ADJUSTING GROUP, LLC","=""20482097""",Resident,VALID,10/2/2022 12:00:00 AM,INDIAN HARBOUR,FL,"=""32937""",Broward
W890087,R A FLORIDA CLAIMS LLC,"=""20438054""",Resident,VALID,8/23/2022 12:00:00 AM,PEMBROKE PINES,FL,"=""33029""",Broward
W879266,"JT CLAIMS, LLC","=""20403689""",Resident,VALID,7/22/2022 12:00:00 AM,HIALEAH,FL,"=""33015""",Dade
W900600,"CLAIM RESULTS PUBLIC ADJUSTERS, LLC","=""20470675""",Resident,VALID,9/21/2022 12:00:00 AM,PLANTATION,FL,"=""33324""",Broward
W909696,AG ADJUSTERS CORP,"=""20485084""",Resident,VALID,10/4/2022 12:00:00 AM,MIAMI LAKES,FL,"=""33016""",Dade
W908086,INFINITY PUBLIC ADJUSTING LLC,"=""20483654""",Resident,VALID,10/3/2022 12:00:00 AM,FORT LAUDERDALE,FL,"=""33304""",Broward
W908050,"INSURANCE CLAIM PROFESSIONALS, INC","=""20483660""",Resident,VALID,10/3/2022 12:00:00 AM,MIAMI,FL,"=""33187""",Dade
W908051,RIGHTEOUS CLAIM SOLUTIONS LLC,"=""20483677""",Non-Resident,VALID,10/3/2022 12:00:00 AM,BLUERIDGE,GA,"=""30513""",
W882747,"PUBLIC YACHT ADJUSTERS, LLC","=""20414249""",Resident,VALID,8/2/2022 12:00:00 AM,MIAMI,FL,"=""33133""",Dade
W882221,COMPASS CLAIM SOLUTIONS LLC,"=""20412945""",Resident,VALID,8/1/2022 12:00:00 AM,WESLEY CHAPEL,FL,"=""33545""",Pasco
W931359,ORANGE CLAIM LLC,"=""20549191""",Resident,VALID,12/1/2022 12:00:00 AM,DORAL,FL,"=""33166""",Dade
W931355,LIBERTY CLAIMS CORP.,"=""20549193""",Resident,VALID,12/1/2022 12:00:00 AM,MIAMI,FL,"=""33172""",Dade
W912958,ELITE 1800ADJUSTERS INC.,"=""16469577""",Non-Resident,VALID,10/10/2022 12:00:00 AM,BROOKLYN,NY,"=""11234""",
W912964,"ALLY PUBLIC ADJUSTING, INC.","=""20491236""",Non-Resident,VALID,10/10/2022 12:00:00 AM,MARIETTA,GA,"=""30064""",
W912953,NO STRESS INSURANCE CLAIMS INTERNATIONAL CORP.,"=""20491215""",Resident,VALID,10/10/2022 12:00:00 AM,ALTAMONTE SPRINGS,FL,"=""32714""",Seminole
W912955,"UNITED PUBLIC ADJUSTERS & APPRAISERS, INC.","=""13297364""",Non-Resident,VALID,10/10/2022 12:00:00 AM,MELVILLE,NY,"=""11747""",
W945070,COHEN ADJUSTERS GROUP INC,"=""20595352""",Resident,VALID,1/24/2023 12:00:00 AM,GREENACRES,FL,"=""33463""",Palm Beach
W937835,ADJUSTERS R US INC,"=""20568877""",Resident,VALID,12/22/2022 12:00:00 AM,N MIAMI,FL,"=""33181""",Dade
W935529,FIREHOUSE ADJUSTERS 2,"=""20561471""",Resident,VALID,12/14/2022 12:00:00 AM,PARKLAND,FL,"=""33067""",Broward
W944611,ABOVE CLAIMS LLC,"=""20593971""",Resident,VALID,1/23/2023 12:00:00 AM,MIAMI,FL,"=""33187""",Dade
W920414,"HURRICANE ADJUSTERS FL, LLC","=""20515854""",Resident,VALID,10/27/2022 12:00:00 AM,FORT MYERS,FL,"=""33913""",Lee
W936636,123ADJUSTING,"=""20566528""",Resident,VALID,12/20/2022 12:00:00 AM,SUNNY ISLES,FL,"=""33160""",Dade
W915815,"ADVANTAGE CLAIMS SERVICES, LLC","=""8795305""",Resident,VALID,10/17/2022 12:00:00 AM,ORMOND BEACH,FL,"=""32174""",Volusia
W913127,M & L INSURANCE CLAIMS LLC,"=""20492797""",Resident,VALID,10/11/2022 12:00:00 AM,FT. MYERS,FL,"=""33905""",Lee
W932243,ASPIRE PUBLIC ADJUSTING LLC,"=""20552138""",Resident,VALID,12/5/2022 12:00:00 AM,BRADENTON,FL,"=""34208""",Manatee
W927101,"ASSURANCE CLAIM SERVICES, INC.","=""20535776""",Resident,VALID,11/16/2022 12:00:00 AM,LAKE WORTH,FL,"=""33467""",Palm Beach
W938001,GROUP 1 PUBLIC ADJUSTERS CORP,"=""20569837""",Resident,VALID,12/26/2022 12:00:00 AM,"HOLLYWOOD, BROWARD, FL",FL,"=""33020""",Broward
W925660,J&L PUBLIC ADJUSTERS,"=""20531128""",Resident,VALID,11/11/2022 12:00:00 AM,BOYNTON BEACH,FL,"=""33436""",Palm Beach
W923641,PROCLAIM CORP.,"=""20524467""",Resident,VALID,11/4/2022 12:00:00 AM,MIAMI,FL,"=""33186""",Dade
W923642,"US NATIONAL PUBLIC ADJUSTERS, LLC","=""17698589""",Non-Resident,VALID,11/4/2022 12:00:00 AM,SAVANNAH,GA,"=""31405""",
W939797,AVID CLAIM SERVICE,"=""20576948""",Resident,VALID,1/4/2023 12:00:00 AM,LANTANA,FL,"=""33462""",Palm Beach
W934917,"MICHAEL ROSS LOBIONDO, PUBLIC ADJUSTER, LLC","=""20560248""",Resident,VALID,12/13/2022 12:00:00 AM,FORT LAUDERDALE,FL,"=""33325""",Broward
W913146,"MY STORM RELIEF, LLC","=""20492795""",Resident,VALID,10/11/2022 12:00:00 AM,LOXAHATCHEE,FL,"=""33470""",Palm Beach
W915833,"CLAIMS RESOLUTION SERVICES, INC","=""20499253""",Resident,VALID,10/17/2022 12:00:00 AM,PORT ST LUCIE,FL,"=""34986""",Palm Beach
W915835,AMMENDOLEA INC DBA SUPER CLAIMS ADJUSTING,"=""20499256""",Resident,VALID,10/17/2022 12:00:00 AM,MINNEOLA,FL,"=""347157672""",Lake
W918323,"IIWII PUBLIC ADJUSTERS, INC","=""20509589""",Resident,VALID,10/21/2022 12:00:00 AM,CORAL SPRINGS,FL,"=""33076""",Broward
W918948,RIGHT SCOPE,"=""20511434""",Resident,VALID,10/24/2022 12:00:00 AM,FORT MYERS,FL,"=""33905""",Lee
W936967,"A1A CLAIMS EXPERT, INC.","=""20566532""",Resident,VALID,12/20/2022 12:00:00 AM,MIAMI,FL,"=""33166""",Dade
W834661,CLAIM-TEK LLC,"=""20256464""",Resident,VALID,10/17/2022 12:00:00 AM,PANAMA CITY BEACH,FL,"=""32407""",Bay
W925055,MERKURY ADJUSTERS LLC,"=""20529163""",Resident,VALID,11/9/2022 12:00:00 AM,BOYNTON BEACH,FL,"=""33437""",Palm Beach
W947852,"H&H SERVICES, LLC","=""20603822""",Resident,VALID,2/1/2023 12:00:00 AM,LAKE WALES,FL,"=""33898""",Polk
W913130,ADJUSTERMAN LLC,"=""20492796""",Resident,VALID,10/11/2022 12:00:00 AM,OAKLAND PARK,FL,"=""33334""",Broward
W926395,INTERSTATE PUBLIC ADJUSTERS,"=""20534258""",Resident,VALID,11/15/2022 12:00:00 AM,JACKSONVILLE,FL,"=""32258""",Duval
W937984,"JWH SOLUTIONS, LLC","=""20569487""",Resident,VALID,12/23/2022 12:00:00 AM,FORT LAUDERDALE,FL,"=""33312""",Broward
W926515,"MIAMI APPRAISAL SERVICES, LLC","=""20534256""",Resident,VALID,11/15/2022 12:00:00 AM,CORAL GABLES,FL,"=""33134""",Dade
W948776,"PROPERTY OWNER ADVOCATES, LLC","=""20608443""",Resident,VALID,2/6/2023 12:00:00 AM,MIAMI,FL,"=""33134""",Dade
W927993,INSURANCE CLAIM RECOVERY SUPPORT LLC,"=""16144334""",Non-Resident,VALID,11/18/2022 12:00:00 AM,LAKEWAY,TX,"=""78734""",
W918883,"FAT OX, INC.","=""19423974""",Non-Resident,VALID,10/24/2022 12:00:00 AM,HICKORY,NC,"=""28601""",
W916915,ELEVATION CLAIMS CORP,"=""20506664""",Resident,VALID,10/19/2022 12:00:00 AM,KISSIMMEE,FL,"=""34744""",Osceola
W918127,PRESTIGE CLAIM CONSULTANTS,"=""20509592""",Resident,VALID,10/21/2022 12:00:00 AM,NORTH MIAMI BEACH,FL,"=""33162""",Dade
W939025,"ATLANTIC CLAIMS SOLUTIONS, LLC.","=""20573057""",Resident,VALID,12/29/2022 12:00:00 AM,SEBASTIAN,FL,"=""32958""",Indian River
W915776,"HOOTEN & ASSOCIATES, LLC","=""20499266""",Resident,VALID,10/17/2022 12:00:00 AM,OAK HILL,FL,"=""32759""",Volusia
W911178,"RUSH CLAIM SERVICE, INC.","=""20488175""",Resident,VALID,10/6/2022 12:00:00 AM,PLANTATION,FL,"=""33322""",Broward
W925437,"FIRST SERV CONSULTANTS, INC.","=""20530503""",Resident,VALID,11/10/2022 12:00:00 AM,ST. JOHNS,FL,"=""32259""",St. Johns
W915823,MAXIMIZE CLAIMS LLC,"=""20499259""",Resident,VALID,10/17/2022 12:00:00 AM,BOCA RATON,FL,"=""33432""",Palm Beach
W930077,"INSURANCE CLAIM GURU, LLC","=""20546042""",Resident,VALID,11/29/2022 12:00:00 AM,MIAMI,FL,"=""33186""",Dade
W926650,"CANNON PUBLIC ADJUSTERS, LLC","=""20534252""",Resident,VALID,11/15/2022 12:00:00 AM,HIALEAH,FL,"=""33012""",Dade
W926818,"COUNTRYWIDE PUBLIC ADJUSTER, LLC","=""20535769""",Resident,VALID,11/16/2022 12:00:00 AM,HIALEAH GARDENS,FL,"=""33018""",Dade
W932833,ISRAEL VEITMAN P.A.,"=""20553444""",Non-Resident,VALID,12/6/2022 12:00:00 AM,MIAMI BEACH,PA,"=""15217""",
W938257,JRC CONSULTING GROUP,"=""20570870""",Resident,VALID,12/27/2022 12:00:00 AM,JUPITER,FL,"=""33458""",Palm Beach
W920524,PRIORITY INSURANCE CLAIMS,"=""20515830""",Resident,VALID,10/27/2022 12:00:00 AM,ALTAMONTE SPRINGS,FL,"=""32714""",Seminole
W922255,ELITE PUBLIC ADJUSTERS GROUP INC,"=""20520388""",Resident,VALID,11/1/2022 12:00:00 AM,DELRAY BEACH,FL,"=""33445""",Palm Beach
W925896,"IPA CONSULTING GROUP, INC","=""17613555""",Resident,VALID,11/14/2022 12:00:00 AM,DANIA BEACH,FL,"=""33004""",Broward
W916188,EG EXPERT SOLUTIONS LLC,"=""20499252""",Resident,VALID,10/17/2022 12:00:00 AM,MIAMI,FL,"=""33155""",Dade
W914319,"CHOICE PUBLIC ADJUSTERS, LLC","=""20495941""",Resident,VALID,10/13/2022 12:00:00 AM,HALLANDALE,FL,"=""33009""",Broward
W927411,"PUBLIC ADJUSTER SPECIALIST, INC","=""20537273""",Resident,VALID,11/17/2022 12:00:00 AM,MIAMI,FL,"=""33126""",Dade
W927418,THE NABHAN COMPANY LLC DBAPUBLIC SERVICE ADJSUTING,"=""18814539""",Non-Resident,VALID,11/17/2022 12:00:00 AM,VALPARAISO,IN,"=""46383""",
W932849,"CAPITAL ADJUSTERS, LLC","=""20553441""",Resident,VALID,12/6/2022 12:00:00 AM,CORAL GABLES,FL,"=""33146""",Dade
W923274,UNITED CONSULTING SPECIALISTS CORPORATION,"=""20523133""",Resident,VALID,11/3/2022 12:00:00 AM,MIAMI,FL,"=""33169""",Dade
W917915,DYNASTY PUBLIC ADJUSTING,"=""20508261""",Resident,VALID,10/20/2022 12:00:00 AM,PALM BEACH GARDENS,FL,"=""33410""",Palm Beach
W919961,"GORDON PA FIRM, LLC","=""17039669""",Non-Resident,VALID,10/26/2022 12:00:00 AM,NASSAU BAY,TX,"=""77058""",
W947353,"AUTO CLAIM SPECIALISTS, LLC","=""18425739""",Non-Resident,VALID,1/31/2023 12:00:00 AM,FORT WORTH,TX,"=""76102""",
W947936,A PLUS ADJUSTERS LLC,"=""20605107""",Resident,VALID,2/2/2023 12:00:00 AM,LAKE MARY,FL,"=""32746""",Seminole
W920282,ACTIVE CLAIM ADJUSTERS LLC,"=""20515828""",Resident,VALID,10/27/2022 12:00:00 AM,CUTLER BAY,FL,"=""33157""",Dade
W812499,AMERICAN EAGLE PUBLIC ADJUSTER,"=""20174206""",Resident,VALID,12/20/2022 12:00:00 AM,HOLLYWOOD,FL,"=""33021""",Broward
W922837,A1A ADJUSTING SERVICES INC,"=""20521776""",Resident,VALID,11/2/2022 12:00:00 AM,MIAMI,FL,"=""33173""",Dade
W922887,"PROFLORIDIAN CLAIMS CONSULTANTS,LLC.","=""20521768""",Resident,VALID,11/2/2022 12:00:00 AM,MIRAMAR,FL,"=""33029""",Broward
W921681,AMERICAN TRUST PUBLIC ADJUSTERS LLC,"=""20518954""",Resident,VALID,10/31/2022 12:00:00 AM,MIAMI,FL,"=""33162""",Dade
W939024,DAMAGE DEFENDERS,"=""20573037""",Resident,VALID,12/29/2022 12:00:00 AM,POMPANO BEACH,FL,"=""33062""",Broward
W921243,"UNIVERSAL LOSS CONSULTANTS, INC.","=""20517088""",Resident,VALID,10/28/2022 12:00:00 AM,LONGWOOD,FL,"=""32779""",Seminole
W929799,"RELENTLESS PUBLIC ADJUSTING AND APPRAISAL, LLC","=""20544571""",Resident,VALID,11/28/2022 12:00:00 AM,BOYNTON BEACH,FL,"=""33437""",Palm Beach
W955496,"SCARLETT & CO., LLC","=""20632552""",Resident,VALID,2/28/2023 12:00:00 AM,GULF BREEZE,FL,"=""32563""",Santa Rosa
W918955,"ATLANTIC CLAIMS EXPERTS, LLC","=""20511442""",Resident,VALID,10/24/2022 12:00:00 AM,MIAMI,FL,"=""33185""",Dade
W924571,"INSURANCE LOSS CONSULTANTS, INC","=""8095507""",Resident,VALID,11/8/2022 12:00:00 AM,WINTER PARK,FL,"=""32789""",Orange
W958862,"INSURANCEBUSTERS.NET, LLC","=""15470603""",Resident,VALID,3/9/2023 12:00:00 AM,PORT CHARLOTTE,FL,"=""33952""",Sarasota
W912413,CE RESOURCES LLC,"=""20489893""",Resident,VALID,10/9/2022 12:00:00 AM,CLEARWATER,FL,"=""33764""",Pinellas
W909786,BEYOND ADJUSTING LLC,"=""20485079""",Resident,VALID,10/4/2022 12:00:00 AM,TAMPA,FL,"=""33609""",Hillsborough
W946099,CLAIM PROCESS LLC,"=""20598015""",Resident,VALID,1/26/2023 12:00:00 AM,ORLANDO,FL,"=""32812""",Dade
W936675,EXECUTIVE CLAIM SOLUTIONS,"=""20566517""",Resident,VALID,12/20/2022 12:00:00 AM,BRADENTON,FL,"=""34208""",Manatee
W921562,WORLD WIDE ADJUSTERS LLC,"=""20495460""",Non-Resident,VALID,10/31/2022 12:00:00 AM,AUSTIN,TX,"=""78746""",
W913123,CORNERSTONE PUBLIC ADJUSTERS,"=""20492793""",Resident,VALID,10/11/2022 12:00:00 AM,MIAMI,FL,"=""33170""",Dade
W939266,"FIFTH ELEMENT PUBLIC ADJUSTING, INC","=""20574595""",Resident,VALID,1/2/2023 12:00:00 AM,NAVARRE,FL,"=""32566""",Santa Rosa
W924348,AUTHENTIC PUBLIC ADJUSTING LLC,"=""20528214""",Resident,VALID,11/8/2022 12:00:00 AM,JACKSONVILLE,FL,"=""32257""",Duval
W923726,PROPERTY CLAIM MANAGEMENT LLC,"=""20524472""",Resident,VALID,11/4/2022 12:00:00 AM,ORLANDO,FL,"=""32809""",Orange
W935309,VANGUARD CONSULTING CORP.,"=""20561441""",Resident,VALID,12/14/2022 12:00:00 AM,CORAL SPRINGS,FL,"=""33071""",Broward
W914488,TLG PUBLIC ADJUSTERS,"=""20495940""",Resident,VALID,10/13/2022 12:00:00 AM,CORAL SPRINGS,FL,"=""33065""",Broward
W917109,KAT ADJUSTERS LLC,"=""20506711""",Resident,VALID,10/19/2022 12:00:00 AM,RUSKIN,FL,"=""33570""",Hillsborough
W918697,CASTLE ADJUSTERS,"=""20511432""",Resident,VALID,10/24/2022 12:00:00 AM,MIAMI,FL,"=""33162""",Dade
W909614,"BERGER ADJUSTERS, LLC.","=""17477688""",Non-Resident,VALID,10/4/2022 12:00:00 AM,BROOKLINE,MA,"=""02446""",
W926272,"KLEIN CLAIM SERVICE, INC.","=""20534238""",Resident,VALID,11/15/2022 12:00:00 AM,HOWEY IN THE HILLS,FL,"=""34737""",Lake
W913206,SEC CLAIMS CONSULTING LLC,"=""20492801""",Resident,VALID,10/11/2022 12:00:00 AM,CORAL GABLES,FL,"=""33134""",Dade
W913122,"PERIL PUBLIC ADJUSTERS, LLC.","=""20115861""",Non-Resident,VALID,10/11/2022 12:00:00 AM,CORPUS CHRISTI,TX,"=""78418""",
W932186,"INTELLACLAIM, LLC","=""20552143""",Resident,VALID,12/5/2022 12:00:00 AM,PALMETTO BAY,FL,"=""33157""",Dade
W932897,MAX PUBLIC ADJUSTING LLC,"=""20553442""",Resident,VALID,12/6/2022 12:00:00 AM,N FT MYERS,FL,"=""33917""",Lee
W931712,PACIFIC CLAIMS CORP,"=""20550357""",Resident,VALID,12/2/2022 12:00:00 AM,MIAMI,FL,"=""33172""",Dade
W929316,"ORIGINS PROFESSIONAL SERVICES, LLC","=""20542732""",Resident,VALID,11/23/2022 12:00:00 AM,WINTER HAVEN,FL,"=""33884""",Polk
W968798,"RAPID PUBLIC ADJUSTERS, INC.","=""20677599""",Resident,VALID,4/10/2023 12:00:00 AM,MIAMI,FL,"=""33165""",Dade
W954891,"PROPERTY LOSS ESTIMATORS, LLC","=""20631139""",Resident,VALID,2/27/2023 12:00:00 AM,WESTON,FL,"=""33332""",Broward
W957354,RHINO INSURANCE CLAIM SOLUTIONS,"=""20639233""",Resident,VALID,3/6/2023 12:00:00 AM,LAKE PLACID,FL,"=""33852""",Highlands
W953516,ASKANADJUSTER GULF COAST LLC,"=""20154634""",Resident,VALID,2/22/2023 12:00:00 AM,FORT MYERS,FL,"=""33905""",Lee
W970548,SWIFT PUBLIC ADJUSTERS,"=""19307380""",Non-Resident,VALID,4/13/2023 12:00:00 AM,STORY CITY,IA,"=""50248""",
W972445,"ZION PUBLIC ADJUSTING, INC.","=""20688136""",Resident,VALID,4/19/2023 12:00:00 AM,NORTH MIAMI BEACH,FL,"=""33162""",Dade
W968805,"KOVACIK & ASSOCIATES, INC","=""20677596""",Resident,VALID,4/10/2023 12:00:00 AM,PORT CHARLOTTE,FL,"=""33983""",Charlotte
W957435,"CLAIM RESCUE, LLC","=""20639230""",Resident,VALID,3/6/2023 12:00:00 AM,PALM CITY,FL,"=""34990""",Martin
W905514,GLOBALPRO CLAIMS SERVICES LLC,"=""20480389""",Resident,VALID,3/2/2023 12:00:00 AM,MIAMI,FL,"=""33133""",Dade
W969986,"HOLLIDAY ADJUSTERS GROUP, INC.","=""20680685""",Resident,VALID,4/12/2023 12:00:00 AM,DELRAY BEACH,FL,"=""33483""",Palm Beach
G002881,HELPING HAND CLAIM SERVICES,"=""20721508""",Resident,VALID,5/19/2023 12:00:00 AM,PORT SAINT LUCIE,FL,"=""34953""",St. Lucie
G001931,MARTEL WILLIAMS PUBLIC ADJUSTING CORPORATION,"=""20718992""",Resident,VALID,5/17/2023 12:00:00 AM,FORT MYERS,FL,"=""33907""",Lee
W974190,"UNITED CERTIFIED PUBLIC ADJUSTERS,INC","=""20694185""",Resident,VALID,4/25/2023 12:00:00 AM,CAPE CORAL,FL,"=""33909""",Lee
W963389,"IPA CLAIM SERVICES, LLC","=""20659156""",Resident,VALID,3/23/2023 12:00:00 AM,FORT MYERS,FL,"=""33912""",Charlotte
G020117,MY CLAIM ADJUSTERS LLC,"=""20781861""",Resident,VALID,7/12/2023 12:00:00 AM,MIAMI DADE,FL,"=""33015""",Dade
W959043,FLORIDA ADJUSTMENT,"=""20643788""",Resident,VALID,3/9/2023 12:00:00 AM,"FORT MYERS, LEE, FL",FL,"=""33905""",Lee
G002454,BELLMORE PUBLIC ADJUSTING,"=""20720315""",Resident,VALID,5/18/2023 12:00:00 AM,WINTER PARK,FL,"=""32789""",Orange
G007284,SUPERIOR INSURANCE CLAIM CONSULTANTS INC,"=""8546626""",Resident,VALID,6/2/2023 12:00:00 AM,NORTH MIAMI,FL,"=""33181""",Dade
W973227,PROPERTY CLAIMS SOLUTIONS,"=""20690733""",Resident,VALID,4/21/2023 12:00:00 AM,DAVIE,FL,"=""33328""",Broward
W821436,BOSS PUBLIC ADJUSTING LLC,"=""20210946""",Resident,VALID,4/5/2023 12:00:00 AM,JENSEN BEACH,FL,"=""34957""",Martin
W876905,GUERRERO ADJUSTING INC,"=""20396579""",Resident,VALID,6/21/2023 12:00:00 AM,ORLANDO,FL,"=""32832""",Orange
W955620,CLAIM DEFENDERS PUBLIC ADJUSTING SERVICES,"=""20634286""",Resident,VALID,3/1/2023 12:00:00 AM,MARGATE,FL,"=""33063""",Broward
G015309,ANYI PUBLIC ADJUSTERS CONSULTING CORP,"=""20765155""",Resident,VALID,6/27/2023 12:00:00 AM,MIAMI LAKES,FL,"=""33016""",Dade
W974663,SIDE BY SIDE ADJUSTERS,"=""20695900""",Resident,VALID,4/26/2023 12:00:00 AM,LAKE CITY,FL,"=""32024""",Suwannee
W978859,APPRAISE YOUR CLAIM,"=""20709641""",Non-Resident,VALID,5/9/2023 12:00:00 AM,WILLOW GROVE,PA,"=""19090""",
W959390,DYNAMIC PUBLIC ADJUSTERS GROUP INC.,"=""8201870""",Resident,VALID,3/10/2023 12:00:00 AM,MIAMI,FL,"=""33173""",Dade
W962494,INFOCLAIMS PUBLIC ADJUSTERS,"=""20656216""",Resident,VALID,3/21/2023 12:00:00 AM,SAN ANTONIO,FL,"=""33576""",Pasco
W956216,PIVOT CLAIMS LLC,"=""20634280""",Resident,VALID,3/1/2023 12:00:00 AM,TAMPA,FL,"=""33606""",Hillsborough
W952541,ULTRA CLAIMS CONSULTANTS,"=""20620450""",Resident,VALID,2/16/2023 12:00:00 AM,OVIEDO,FL,"=""32765""",Seminole
W978889,"MILLER HOMES PUBLIC ADJUSTING, INC.","=""20709639""",Resident,VALID,5/9/2023 12:00:00 AM,GAINESVILLE,FL,"=""32608""",Alachua
G003766,QUALITY PROPERTY CLAIMS LLC,"=""20724826""",Resident,VALID,5/23/2023 12:00:00 AM,MARGATE,FL,"=""33063""",Broward
W966461,"AUTHORITY PUBLIC ADJUSTER, INC.","=""20669994""",Resident,VALID,4/3/2023 12:00:00 AM,MIAMI,FL,"=""33186""",Dade
W827831,"PREFERRED CLAIM SOLUTIONS, INC","=""20233742""",Resident,VALID,6/8/2023 12:00:00 AM,PALMETTO BAY,FL,"=""33157""",Dade
W957344,COAST2COAST PUBLIC ADJUSTERS,"=""20639245""",Resident,VALID,3/6/2023 12:00:00 AM,WESLEY CHAPEL,FL,"=""33543""",Pasco
W956198,EAGLE CLAIMS LLC,"=""20634297""",Resident,VALID,3/1/2023 12:00:00 AM,CORAL GABLES,FL,"=""33134""",Dade
W964903,GOEZ ADJUSTING CORP,"=""20663760""",Resident,VALID,3/28/2023 12:00:00 AM,KISSIMMEE,FL,"=""34743""",Osceola
G004345,STEINBRECHER SOLUTIONS LLC,"=""20726872""",Non-Resident,VALID,5/24/2023 12:00:00 AM,PHILADELPHIA,PA,"=""19106""",
W972838,PROPERTY CLAIMS SUPPORT,"=""20689344""",Resident,VALID,4/20/2023 12:00:00 AM,CUTLER BAY,FL,"=""33157""",Dade
G029939,RK&M CLAIMS CONSULTING INC.,"=""20813232""",Resident,VALID,8/9/2023 12:00:00 AM,CAPE CORAL,FL,"=""33904""",Lee
W949279,ALL AMERICAN ADJUSTERS LLC,"=""20609956""",Resident,VALID,2/7/2023 12:00:00 AM,MIAMI LAKES,FL,"=""33016""",Dade
W955185,TRIDENT PUBLIC INSURANCE ADJUSTING GROUP,"=""20631141""",Resident,VALID,2/27/2023 12:00:00 AM,MIAMI,FL,"=""33155""",Dade
G019712,"ATLAS CONSULTING, LLC DBA/ THE POLICYHOLDER ADVOCA","=""20779833""",Resident,VALID,7/11/2023 12:00:00 AM,TAMPA,FL,"=""33626""",Hillsborough
G019170,CLAIM QUEST INC,"=""20777920""",Resident,VALID,7/10/2023 12:00:00 AM,SARASOTA,FL,"=""34239""",Sarasota
G015923,NATIONAL CLAIMS CONSULTANTS & ESTIMATION SERVICES,"=""20766658""",Resident,VALID,6/28/2023 12:00:00 AM,MIAMI,FL,"=""33155""",Dade
G010057,FIGHT CLUB PUBLIC ADJUSTERS LLC,"=""20746785""",Resident,VALID,6/12/2023 12:00:00 AM,MIRAMAR,FL,"=""33027""",Broward
G026862,"MORRISON & MORRISON, INC.","=""8344937""",Non-Resident,VALID,7/31/2023 12:00:00 AM,LEAGUE CITY,TX,"=""77573""",
G026824,SOTERIA PUBLIC ADJUSTING,"=""20802051""",Resident,VALID,7/31/2023 12:00:00 AM,PENSACOLA,FL,"=""32503""",Escambia
G026728,PARKER PUBLIC ADJUSTERS LLC,"=""20802053""",Resident,VALID,7/31/2023 12:00:00 AM,N PALM BEACH,FL,"=""334085129""",Palm Beach
G013390,"FIRST RESPONDER PUBLIC ADJUSTERS, INC.","=""20758192""",Resident,VALID,6/21/2023 12:00:00 AM,FORT LAUDERDALE,FL,"=""33316""",Broward
G009700,SOUTH POINT ADJUSTERS FLORIDA,"=""20744728""",Resident,VALID,6/9/2023 12:00:00 AM,MIAMI LAKES,FL,"=""33014""",Dade
G016129,THE MIAMI PUBLIC ADJUSTER FIRM LLC,"=""20766664""",Resident,VALID,6/28/2023 12:00:00 AM,MIAMI,FL,"=""33165""",Dade
G043559,SOUTHERN PUBLIC ADJUSTERS,"=""20853243""",Resident,VALID,9/14/2023 12:00:00 AM,MIAMI,FL,"=""33143""",Dade
W819556,"SUPERIOR CLAIMS CONSULTANTS, INC.","=""20203859""",Resident,VALID,9/5/2023 12:00:00 AM,MIAMI,FL,"=""331964879""",Dade
G045157,IP ADJUSTING GROUP,"=""20856119""",Resident,VALID,9/18/2023 12:00:00 AM,PORT ST. LUCIE,FL,"=""34986""",St. Lucie
G022523,"ALLFLORIDA CLAIMS PROFESSIONALS, INC.","=""20788502""",Resident,VALID,7/19/2023 12:00:00 AM,PALMETTO BAY,FL,"=""33176""",Dade
G031709,NATIONAL SOLUTIONS PUBLIC ADJUSTERS CORP,"=""20818962""",Resident,VALID,8/14/2023 12:00:00 AM,AVENTURA,FL,"=""33180""",Dade
G031194,AJP CLAIMS LLC,"=""20816214""",Resident,VALID,8/11/2023 12:00:00 AM,MIAMI,FL,"=""33177""",Dade
G041483,"ON THE MARK CLAIM ADJUSTING, INC.","=""20847174""",Resident,VALID,9/10/2023 12:00:00 AM,FT LAUDERDALE,FL,"=""33301""",Broward
G031868,INFINITY ADJUSTING,"=""20818939""",Resident,VALID,8/14/2023 12:00:00 AM,KISSIMMEE,FL,"=""34758""",Osceola
G024687,NORTH STAR ADJUSTERS,"=""20795551""",Resident,VALID,7/25/2023 12:00:00 AM,CORAL GABLES,FL,"=""33146""",Dade
G042304,THOMAS H. STONE CLAIMS CONSULTING,"=""20849691""",Resident,VALID,9/12/2023 12:00:00 AM,HOLLYWOOD,FL,"=""33021""",Broward
G027572,"JD LEINHARDT, INC.","=""20805036""",Resident,VALID,8/2/2023 12:00:00 AM,BOCA RATON,FL,"=""33433""",Palm Beach
G032180,"PRIME ADJUSTMENTS, LLC.","=""20820493""",Resident,VALID,8/15/2023 12:00:00 AM,TAMPA,FL,"=""33602""",Hillsborough
G031465,VAIRO PROFESSIONAL LOSS CONSULTANTS LLC,"=""20816756""",Resident,VALID,8/12/2023 12:00:00 AM,PORT CHARLOTTE,FL,"=""33954""",Charlotte
G029987,SHARKEY PUBLIC INSURANCE ADJUSTING,"=""20813216""",Resident,VALID,8/9/2023 12:00:00 AM,GAINESVILLE,FL,"=""32605""",Alachua
G088280,"GRANDINETTI CONSULTING, LLC","=""21061053""",Non-Resident,VALID,1/30/2024 12:00:00 AM,PADUCAH,KY,"=""42001""",
G037248,GBR PUBLIC ADJUSTERS,"=""20835649""",Resident,VALID,8/29/2023 12:00:00 AM,WINTER PARK,FL,"=""32792""",Orange
G008507,"AA FLORIDA PUBLIC ADJUSTING AGENCY, LLC","=""20741843""",Resident,VALID,6/7/2023 12:00:00 AM,ZEPHYRHILLS,FL,"=""33541""",Pasco
G038716,"ACTIVE PUBLIC ADJUSTERS, INC.","=""20840227""",Resident,VALID,9/4/2023 12:00:00 AM,MIAMI,FL,"=""33134""",Dade
G038047,COMMERCIAL CLAIM SOLUTIONS,"=""20838266""",Resident,VALID,8/31/2023 12:00:00 AM,SAFETY HARBOR,FL,"=""34695""",Pinellas
G033279,"THE CLAIM WARRIORS, LLC","=""20823060""",Resident,VALID,8/17/2023 12:00:00 AM,DELTONA,FL,"=""32738""",Volusia
G016156,HOMEOWNERS INSURANCE CLAIM CONSULTANTS,"=""20766660""",Resident,VALID,6/28/2023 12:00:00 AM,HOLLYWOOD,FL,"=""33029""",Broward
W806941,NO STRESS INSURANCE CLAIM OF FLORIDA LLC,"=""20154621""",Resident,VALID,8/12/2023 12:00:00 AM,MIAMI,FL,"=""33175""",Dade
G014908,"P-1 SERVICES, LLC D/B/A P1 ADJUSTING SERVICES","=""20763592""",Resident,VALID,6/26/2023 12:00:00 AM,CAPE CORAL,FL,"=""33990""",Lee
G018378,TRUST CLAIMS CONSULTANTS,"=""20774317""",Resident,VALID,7/6/2023 12:00:00 AM,DORAL,FL,"=""33178""",Dade
G010700,"AID ADJUSTER & APPRAISER CONSULTANTS, LLC","=""20748342""",Resident,VALID,6/13/2023 12:00:00 AM,BISCAYNE PARK,FL,"=""33161""",Dade
G014800,REBEL CLAIMS LLC,"=""20763610""",Resident,VALID,6/26/2023 12:00:00 AM,MIAMI,FL,"=""33186""",Dade
G036732,ENCORE PUBLIC ADJUSTERS,"=""20833742""",Resident,VALID,8/28/2023 12:00:00 AM,OVIEDO,FL,"=""32765""",Seminole
G013237,SMITH ADJUSTERS,"=""20758200""",Resident,VALID,6/21/2023 12:00:00 AM,ALTAMONTE SPRINGS,FL,"=""32714""",Seminole
G017856,CASTLE CLAIMS CONSULTANTS INC.,"=""20774321""",Resident,VALID,7/6/2023 12:00:00 AM,BRANDON,FL,"=""33511""",Hillsborough
G029990,PROPERTY SHIELD CLAIMS,"=""20813212""",Resident,VALID,8/9/2023 12:00:00 AM,BOCA RATON,FL,"=""33432""",Palm Beach
G039364,NOBUL LLC,"=""20841703""",Non-Resident,VALID,9/5/2023 12:00:00 AM,LEESBURG,GA,"=""31763""",
G010162,"RECOVERY CLAIM ADJUSTERS, INC.","=""20746811""",Resident,VALID,6/12/2023 12:00:00 AM,MIAMI,FL,"=""33186""",Dade
G073299,DISASTER EMERGENCY CONSULTANTS,"=""21013512""",Resident,VALID,12/6/2023 12:00:00 AM,KISSIMMEE,FL,"=""34744""",Osceola
G069211,SUPERIOR ADJUSTERS INC,"=""21000031""",Resident,VALID,11/21/2023 12:00:00 AM,DAVIE,FL,"=""33331""",Broward
G042458,"ROBOSKY CONSULTING, LLC","=""19733733""",Non-Resident,VALID,9/12/2023 12:00:00 AM,CROSS ROADS,TX,"=""76227""",
G042566,ALLER CONSULTING LLC,"=""20849698""",Resident,VALID,9/12/2023 12:00:00 AM,MIAMI,FL,"=""33156""",Dade
G045163,EZEKIEL CLAIMS AND CONSULTING LLC,"=""20856098""",Resident,VALID,9/18/2023 12:00:00 AM,FORT PIERCE,FL,"=""34982""",St. Lucie
G077681,PHOENIX PUBLIC ADJUSTERS INC,"=""21025504""",Resident,VALID,12/19/2023 12:00:00 AM,AVENTURA,FL,"=""33160""",Dade
G073369,HONEST PA LLC,"=""21013513""",Resident,VALID,12/6/2023 12:00:00 AM,GOODLAND,FL,"=""34140""",Collier
G062252,MARINE DAMAGE CLAIMS & SALVAGE CO,"=""20978300""",Resident,VALID,10/31/2023 12:00:00 AM,FORT PIERCE,FL,"=""34945""",St. Lucie
G075595,GO CLAIM PUBLIC ADJUSTERS,"=""21018994""",Resident,VALID,12/12/2023 12:00:00 AM,AVENTURA,FL,"=""33180""",Dade
G059003,"NATIONS PUBLIC AJUSTING, INC","=""20969463""",Resident,VALID,10/23/2023 12:00:00 AM,INDIALANTIC,FL,"=""32903""",Brevard
G097802,PREMIUM PAYMENT RELIEF CORP,"=""21092073""",Resident,VALID,2/28/2024 12:00:00 AM,SARASOTA,FL,"=""34237""",Sarasota
G076330,CLAIM PROS FLORIDIA LLC,"=""21021668""",Resident,VALID,12/14/2023 12:00:00 AM,CAPE CORAL,FL,"=""33914""",Lee
G096863,LA CONSULTING & SERVICES,"=""21089134""",Resident,VALID,2/26/2024 12:00:00 AM,FORT MYERS,FL,"=""33913""",Lee
G065677,CFG CONSULTING LLC,"=""20988302""",Resident,VALID,11/9/2023 12:00:00 AM,ORLANDO,FL,"=""32811""",Orange
G048748,"PHOENIX CLAIMS CONSULTING, LLC","=""20865909""",Resident,VALID,9/26/2023 12:00:00 AM,CORAL SPRINGS,FL,"=""33067""",Broward
G079634,VANGAB CONSULTING LLC,"=""21032104""",Resident,VALID,12/27/2023 12:00:00 AM,FT LAUDERDALE,FL,"=""33312""",Dade
W850521,"APEX CLAIMS ADJUSTERS, LLC","=""20308960""",Resident,VALID,1/8/2024 12:00:00 AM,MIAMI,FL,"=""33016""",Dade
G054364,ADJUSTIFY CLAIMS PUBLIC ADJUSTER,"=""20880633""",Resident,VALID,10/10/2023 12:00:00 AM,ORLANDO,FL,"=""32827""",Orange
G058026,LOYAL PUBLIC ADJUSTERS LLC,"=""20891283""",Non-Resident,VALID,10/19/2023 12:00:00 AM,CORPUS CHRISTI,TX,"=""78418""",
G080121,PRINCIPLE PUBLIC ADJUSTING GROUP LLC,"=""21033846""",Resident,VALID,12/29/2023 12:00:00 AM,WINTER PARK,FL,"=""32789""",Orange
W835070,STRONG GROUP PUBLIC ADJUSTERS,"=""20257754""",Resident,VALID,12/4/2023 12:00:00 AM,KISSIMMEE,FL,"=""34743""",Osceola
G079939,BASE PUBLIC ADJUSTERS,"=""21032100""",Resident,VALID,12/28/2023 12:00:00 AM,HALLANDALE BEACH,FL,"=""33009""",Broward
G055241,RISE PUBLIC ADJUSTERS LLC,"=""20883730""",Resident,VALID,10/12/2023 12:00:00 AM,MIAMI,FL,"=""33183""",Dade
G075824,UDS PUBLIC ADJUSTERS CORP,"=""21020350""",Resident,VALID,12/13/2023 12:00:00 AM,WINTER SPRINGS,FL,"=""32708""",Seminole
G047800,CROWN ADJUSTING GROUP LLC,"=""20862542""",Resident,VALID,9/23/2023 12:00:00 AM,WEST PALM BEACH,FL,"=""33406""",Palm Beach
G047529,ADJUSTABLES LLC,"=""20862187""",Resident,VALID,9/22/2023 12:00:00 AM,CAPE CORAL,FL,"=""33914""",Lee
G099730,"SALATINO, RYAN & ASSOCIATES INC.","=""16576738""",Non-Resident,VALID,3/5/2024 12:00:00 AM,UTICA,NY,"=""13502""",
G072377,VICTORIOUS CLAIMS,"=""21010772""",Resident,VALID,12/4/2023 12:00:00 AM,ST. PETERSBURG,FL,"=""33701""",Pinellas
G070539,CASH CLAIM,"=""21004594""",Resident,VALID,11/28/2023 12:00:00 AM,DORAL,FL,"=""33178""",Dade
G063250,AG PUBLIC ADJUSTING FIRM LLC,"=""20980926""",Resident,VALID,11/2/2023 12:00:00 AM,KISSIMMEE,FL,"=""34741""",Osceola
W853744,EARTH WIND & FIRE CLAIMS SERVICES,"=""20319717""",Resident,VALID,12/7/2023 12:00:00 AM,TAMPA,FL,"=""33615""",Hillsborough
G071874,ZEVULONI & ASSOCIATES INC,"=""15885128""",Resident,VALID,12/1/2023 12:00:00 AM,SUNRISE,FL,"=""33351""",Broward
G041941,"DOBBINS CLAIMS CONSULTANTS, INC","=""20848674""",Resident,VALID,9/11/2023 12:00:00 AM,BOCA RATON,FL,"=""33496""",Palm Beach
G043699,DOLPHIN CLAIMS,"=""20853238""",Resident,VALID,9/14/2023 12:00:00 AM,BOCA RATON,FL,"=""33433""",Palm Beach
W930956,CALIBER CLAIM ADJUSTERS LLC,"=""20547756""",Resident,VALID,1/10/2024 12:00:00 AM,MIAMI,FL,"=""33186""",Dade
G067669,"SUPERSTAR REALTY & APPRAISALS, LLC","=""20995799""",Resident,VALID,11/16/2023 12:00:00 AM,WEST PALM BEACH,FL,"=""33407""",Palm Beach
W889687,MAJESTIC PRIME CONSULTANTS CORP.,"=""20436170""",Resident,VALID,10/26/2023 12:00:00 AM,HIALEAH,FL,"=""33018""",Dade
G091658,WN CLAIMS ADJUSTERS,"=""21071649""",Resident,VALID,2/8/2024 12:00:00 AM,HOLLYWOOD,FL,"=""33020""",Broward
W805622,NAPAICC INC,"=""20148887""",Resident,VALID,2/20/2024 12:00:00 AM,PINELLAS PARK,FL,"=""33781""",Lee
W819393,"MLA CLAIMS, LLC","=""9130053""",Non-Resident,VALID,2/19/2024 12:00:00 AM,LAFAYETTE HILL,PA,"=""19444""",
G089813,ROYALTY INSURANCE ESTIMATING & APPRAISALS CORP,"=""21065023""",Resident,VALID,2/2/2024 12:00:00 AM,HOMESTEAD,FL,"=""33032""",Dade
G084250,CLAIM REMEDY ADJUSTERS LLC,"=""21047118""",Resident,VALID,1/16/2024 12:00:00 AM,MIAMI LAKES,FL,"=""33016""",Dade
G090123,"JL ELITE CLAIMS, LLC.","=""21066827""",Resident,VALID,2/5/2024 12:00:00 AM,ST CLOUD,FL,"=""34771""",Osceola
G091423,HOOTEN AND HOOTEN ADJUSTMENT GROUP LLC,"=""21071642""",Resident,VALID,2/8/2024 12:00:00 AM,OAK HILL,FL,"=""32759""",Volusia
G108601,FLORIDA PUBLIC INSURANCE ADJUSTERS,"=""21127866""",Resident,VALID,4/2/2024 12:00:00 AM,ORLANDO,FL,"=""32817""",Orange
G107821,NOVA CLAIMS LLC,"=""21124798""",Resident,VALID,3/29/2024 12:00:00 AM,MIAMI,FL,"=""33184""",Dade
G085779,"THE CLAIM ADVOCATE GROUP, LLC","=""21052862""",Resident,VALID,1/22/2024 12:00:00 AM,NORTH BAY VILLAGE,FL,"=""33141""",Dade
W851581,"ALL FLORIDA INSURANCE ADJUSTERS, INC.","=""8095117""",Resident,VALID,3/4/2024 12:00:00 AM,MIAMI,FL,"=""33183""",Dade
G086379,"ACE PUBLIC ADJUSTERS, LLC","=""21053885""",Resident,VALID,1/23/2024 12:00:00 AM,BOCA RATON,FL,"=""33496""",Palm Beach
G105918,ARDENT ADJUSTING L.L.C.,"=""21119411""",Resident,VALID,3/25/2024 12:00:00 AM,HIALEAH,FL,"=""33012""",Dade
G105347,CMG PROPERTY SOLUTIONS,"=""21116330""",Resident,VALID,3/21/2024 12:00:00 AM,ORLANDO,FL,"=""32814""",Orange
G114979,CARE CLAIMS,"=""21149541""",Resident,VALID,4/22/2024 12:00:00 AM,RIVERVIEW,FL,"=""33578""",Hillsborough
G114750,PARAGON PUBLIC ADJUSTERS,"=""21147676""",Resident,VALID,4/19/2024 12:00:00 AM,OCALA,FL,"=""34480""",Marion
G096173,EXCELLENT STANDARD LLC,"=""21085983""",Resident,VALID,2/22/2024 12:00:00 AM,MIAMI,FL,"=""33184""",Dade
G098932,"PALS PUBLIC ADJUSTERS, CORP.","=""21094923""",Resident,VALID,3/1/2024 12:00:00 AM,BOCA RATON,FL,"=""33431""",Palm Beach
G097955,ALL FLORIDA PUBLIC ADJUSTERS INC,"=""21092074""",Resident,VALID,2/28/2024 12:00:00 AM,CORAL SPRINGS,FL,"=""33065""",Broward
G094867,EASY CLAIM CORP,"=""21081356""",Resident,VALID,2/19/2024 12:00:00 AM,HOLLYWOOD,FL,"=""33020""",Broward
G094866,MORFE ADJUSTERS GROUP,"=""21081343""",Resident,VALID,2/19/2024 12:00:00 AM,HALLANDALE,FL,"=""33009""",Broward
G115184,"TRUSTED ADJUSTERS GROUP, LLC","=""21149561""",Resident,VALID,4/22/2024 12:00:00 AM,NORTH PALM BEACH,FL,"=""33408""",Palm Beach
W825725,C3 GROUP INC,"=""17960889""",Non-Resident,VALID,2/21/2024 12:00:00 AM,GREENWOOD VILLAGE,CO,"=""80111""",
G094020,AYZERTECH,"=""17866481""",Non-Resident,VALID,2/15/2024 12:00:00 AM,OAK PARK,MI,"=""48237""",
G100134,CENTRAL FLORIDA CLAIMS ADJUSTERS INC.,"=""21099887""",Resident,VALID,3/6/2024 12:00:00 AM,PLANT CITY,FL,"=""33563""",Hillsborough
G105985,MONARCH CLAIMS- CO,"=""21119410""",Resident,VALID,3/25/2024 12:00:00 AM,HOMESTEAD,FL,"=""33033""",Dade
G115895,BUREAU OF INSURANCE CLAIMS ASSISTANCE,"=""21152378""",Resident,VALID,4/24/2024 12:00:00 AM,MIAMI,FL,"=""33130""",Dade
G087629,INTEGRITY CLAIMS GROUP LLC,"=""21057326""",Resident,VALID,1/26/2024 12:00:00 AM,FT MYERS,FL,"=""33916""",Lee
G109393,MDF PUBLIC ADJUSTER,"=""21129367""",Resident,VALID,4/3/2024 12:00:00 AM,FORT LAUDERDALE,FL,"=""33314""",Broward
G095997,QUALITY PLUS CLAIMS PUBLIC ADJUSTERS INC,"=""21085982""",Resident,VALID,2/22/2024 12:00:00 AM,TAMPA,FL,"=""33625""",Hillsborough
G085936,KENNEDY ADJUSTER LLC,"=""21052871""",Resident,VALID,1/22/2024 12:00:00 AM,LONGWOOD,FL,"=""32779""",Seminole
G082153,SMALL ENTERPRISES INC. DBA RIVERSIDE CLAIMS,"=""21040164""",Resident,VALID,1/8/2024 12:00:00 AM,PUNTA GORDA,FL,"=""339821705""",Charlotte
G082154,TAKE COUNSEL CONSULTING LLC,"=""21040161""",Resident,VALID,1/8/2024 12:00:00 AM,LARGO,FL,"=""33778""",Pinellas
G101078,"COURTESY PUBLIC ADJUSTER, LLC.","=""21102851""",Resident,VALID,3/8/2024 12:00:00 AM,SEFFNER,FL,"=""33584""",Hillsborough
G096518,RELIABLE CLAIMS CONSULTANTS,"=""21087119""",Resident,VALID,2/23/2024 12:00:00 AM,ALTAMONTE SPRINGS,FL,"=""32701""",Seminole
G099985,LEGACY ADJUSTING GROUP LLC,"=""21099895""",Resident,VALID,3/6/2024 12:00:00 AM,FORT LAUDERDALE,FL,"=""33301""",Broward
G108318,PEGASUS ADJUSTING FIRM,"=""21126515""",Resident,VALID,4/1/2024 12:00:00 AM,MIAMI,FL,"=""33190""",Dade
G093452,FALDETTA & ASSOCIATES LLC,"=""21077655""",Resident,VALID,2/14/2024 12:00:00 AM,PUNTA GORDA,FL,"=""33983""",Charlotte
G085639,CLAIMS AND APPRAISERS LLC,"=""21051044""",Resident,VALID,1/21/2024 12:00:00 AM,PEMBROKE PINES,FL,"=""33028""",Broward
G084526,ACCURATE BUSINESS CONSULTANTS LLC DBA  APIA,"=""21048486""",Resident,VALID,1/17/2024 12:00:00 AM,NAPLES,FL,"=""34119""",Collier
G111969,SPARTAN CLAIM CONSULTANTS. INC.,"=""21138243""",Resident,VALID,4/11/2024 12:00:00 AM,MELBOURNE,FL,"=""32940""",Brevard
G088795,CLAIM PROS PUBLIC ADJUSTING LLC,"=""21062621""",Resident,VALID,1/31/2024 12:00:00 AM,TAMPA,FL,"=""33612""",Hillsborough
W809025,ELITE PUBLIC ADJUSTERS LLC,"=""20163404""",Resident,VALID,2/5/2024 12:00:00 AM,ORLANDO,FL,"=""32822""",Orange
G102155,COMPLETE PROPERTIES AND MORE DBA EAST COAST PUBLIC,"=""21105993""",Resident,VALID,3/12/2024 12:00:00 AM,BOCA RATON,FL,"=""33434""",Palm Beach
G123299,"LEVIN CLAIMS SERVICE, INC","=""21178907""",Resident,VALID,5/20/2024 12:00:00 AM,CORAL SPRINGS,FL,"=""33065""",Broward
G130654,CHASE PUBLIC ADJUSTING LLC,"=""21219396""",Resident,VALID,6/12/2024 12:00:00 AM,CLEARWATER,FL,"=""33760""",Pinellas
G123844,OTERO PROPERTY ADJUSTING & APPRAISALS INC,"=""21180597""",Resident,VALID,5/21/2024 12:00:00 AM,PENSACOLA,FL,"=""32526""",Escambia
G140611,ABOVE ALL PROPERTY ADJUSTERS LLC,"=""21253285""",Resident,VALID,7/15/2024 12:00:00 AM,PORT SAINT LUCIE,FL,"=""34983""",St. Lucie
G139910,FLA UNITED CLAIMS,"=""21250886""",Resident,VALID,7/12/2024 12:00:00 AM,MARGATE,FL,"=""33063""",Broward
G124523,LIONESS CLAIMS,"=""20648471""",Resident,VALID,5/22/2024 12:00:00 AM,CRYSTAL RIVER,FL,"=""34428""",Citrus
G140423,CENTRAL FLORIDA PUBLIC ADJUSTING,"=""21253278""",Resident,VALID,7/15/2024 12:00:00 AM,WINTER HAVEN,FL,"=""33884""",Polk
G149024,BRISK SETTLEMENTS INCORPORATED,"=""21281490""",Resident,VALID,8/11/2024 12:00:00 AM,SUNRISE,FL,"=""33351""",Broward
G140974,NUNEZ AND ASSOCIATES INC.,"=""8095317""",Resident,VALID,7/16/2024 12:00:00 AM,DAVIE,FL,"=""33330""",Broward
G128675,TRUST CLAIMS ADJUSTERS LLC,"=""21211673""",Resident,VALID,6/5/2024 12:00:00 AM,PLANTATION,FL,"=""33317""",Broward
G136952,"BERMAN ADJUSTERS, IC.","=""5437242""",Non-Resident,VALID,7/2/2024 12:00:00 AM,NEWTON,MA,"=""02461""",
G145477,CORAL COAST CLAIMS,"=""21269408""",Resident,VALID,7/30/2024 12:00:00 AM,MIAMI,FL,"=""33132""",Dade
W919072,GILLETTE PUBLIC ADJUSTERS,"=""20511428""",Non-Resident,VALID,8/1/2024 12:00:00 AM,MALDEN,MA,"=""02148""",
G149244,COLQUETT & RIVKIN,"=""21283458""",Resident,VALID,8/12/2024 12:00:00 AM,PENSACOLA,FL,"=""32504""",Escambia
G119136,PRIORITY ADJUSTING,"=""21164062""",Resident,VALID,5/6/2024 12:00:00 AM,MIAMI,FL,"=""33196""",Dade
G116866,TROJAN CLAIMS CONSULTING,"=""21154919""",Resident,VALID,4/26/2024 12:00:00 AM,JACKSONVILLE,FL,"=""32211""",Duval
G128935,TOP CLAIMS CONSULTANTS,"=""21213249""",Resident,VALID,6/6/2024 12:00:00 AM,CORAL SPRINGS,FL,"=""33071""",Broward
G027276,MY CLAIM PROCESSING,"=""20803537""",Resident,VALID,6/5/2024 12:00:00 AM,ORLANDO,FL,"=""32837""",Orange
G137269,ICON INSURANCE CLAIMS ADVISORS,"=""21242352""",Resident,VALID,7/3/2024 12:00:00 AM,AVENTURA,FL,"=""33180""",Dade
G133786,INSURANCE CLAIMS FIRM,"=""21229939""",Resident,VALID,6/21/2024 12:00:00 AM,MEDLEY,FL,"=""33166""",Dade
G120663,BANNER ADJUSTING & CLAIM CONSULTING,"=""21168330""",Resident,VALID,5/9/2024 12:00:00 AM,PARRISH,FL,"=""34219""",Manatee
G117215,"MORENO PUBLIC ADJUSTERS, LLC","=""21156838""",Resident,VALID,4/29/2024 12:00:00 AM,TAMPA,FL,"=""33615""",Hillsborough
G136955,CONSULT 1,"=""21240957""",Resident,VALID,7/2/2024 12:00:00 AM,LAKELAND,FL,"=""33803""",Polk
W850728,"ALL CLAIMS SOLUTIONS, LLC","=""20308909""",Resident,VALID,7/24/2024 12:00:00 AM,TAMPA,FL,"=""33602""",Hillsborough
G118123,ACE CLAIMS ADJUSTERS,"=""21162305""",Resident,VALID,5/1/2024 12:00:00 AM,COCONUT CREEK,FL,"=""33073""",Broward
G117289,CHRISTOPHER JENNINGS WHITE,"=""21156837""",Resident,VALID,4/29/2024 12:00:00 AM,PORT CHARLOTTE,FL,"=""33954""",Charlotte
G139037,ADJUSTERS PLUS LLC,"=""21248932""",Resident,VALID,7/10/2024 12:00:00 AM,WELLINGTON,FL,"=""33449""",Palm Beach
G141338,"ADJUSTERS OF AMERICA, LLC","=""21255454""",Resident,VALID,7/17/2024 12:00:00 AM,MIAMI,FL,"=""33162""",Dade
G152709,"CLAIMAX, PA","=""21296727""",Resident,VALID,8/21/2024 12:00:00 AM,MIAMI,FL,"=""33175""",Dade
G146696,E3 ADJUSTERS,"=""21273546""",Resident,VALID,8/2/2024 12:00:00 AM,BOCA RATON,FL,"=""33487""",Palm Beach
W806322,"GARRETT CLAIMS GROUP, INC","=""17010468""",Resident,VALID,5/16/2024 12:00:00 AM,TAMPA,FL,"=""33617""",Hillsborough
G118871,ALL COAST PUBLIC ADJUSTERS INC,"=""21162319""",Resident,VALID,5/3/2024 12:00:00 AM,ISLAMORADA,FL,"=""33036""",Monroe
G127556,SOLACE ADJUSTING,"=""21208966""",Resident,VALID,6/3/2024 12:00:00 AM,DAVIE,FL,"=""33324""",Broward
G141531,"THE PUBLIC ADJUSTERS ADVANTAGE US, CORP","=""21255466""",Resident,VALID,7/17/2024 12:00:00 AM,CORAL GABLES,FL,"=""33134""",Dade
G144216,"INSIGHT CLAIM CONSULTANTS, LLC","=""21265167""",Resident,VALID,7/25/2024 12:00:00 AM,PALM BAY,FL,"=""32909""",Brevard
G147724,"APEX PUBLIC ADJUSTERS, INC.","=""21273196""",Resident,VALID,8/7/2024 12:00:00 AM,JUPITER,FL,"=""33477""",Palm Beach
G129481,DENTON CLAIMS CONSULTING LLC,"=""20278919""",Non-Resident,VALID,6/7/2024 12:00:00 AM,THE WOODLANDS,TX,"=""77380""",
G141838,MOCKINGBIRD PUBLIC ADJUSTING,"=""21257075""",Resident,VALID,7/18/2024 12:00:00 AM,MADISON,FL,"=""32340""",Madison
G146655,MY FLORIDA CLAIM LLC,"=""21273576""",Resident,VALID,8/2/2024 12:00:00 AM,NORTH MIAMI BEACH,FL,"=""33162""",Dade
G123923,CROSS COUNTRY PUBLIC ADJUSTING LLC,"=""20765069""",Non-Resident,VALID,5/21/2024 12:00:00 AM,WAVELAND,MS,"=""39576""",
G132665,CLAIM RESOURCES PUBLIC ADJUSTERS,"=""21226441""",Resident,VALID,6/18/2024 12:00:00 AM,ORLANDO,FL,"=""32828""",Orange
G131961,SIMPLE CLAIMS LLC,"=""21223999""",Resident,VALID,6/17/2024 12:00:00 AM,MIAMI,FL,"=""33137""",Dade
G125968,EZ ADJUSTING SERVICES LLC,"=""21203110""",Resident,VALID,5/29/2024 12:00:00 AM,DORAL,FL,"=""33178""",Dade
G125901,"FALCON CLAIMS MANAGEMENT AND ADJUSTMENT, LLC","=""21187010""",Resident,VALID,5/28/2024 12:00:00 AM,KEY LARGO,FL,"=""33037""",Monroe
G142749,GRIFFIN CLAIM CONSULTANTS LLC,"=""21260263""",Resident,VALID,7/22/2024 12:00:00 AM,GREEN CV SPGS,FL,"=""32043""",Clay
G119066,HERO ADJUSTING LLC,"=""21162310""",Resident,VALID,5/3/2024 12:00:00 AM,ORLANDO,FL,"=""32837""",Orange
G133293,THREE PILLARS PUBLIC ADJUSTING,"=""21228338""",Resident,VALID,6/20/2024 12:00:00 AM,ALTAMONTE SPRINGS,FL,"=""32714""",Seminole
G140210,MICHAEL GAVLICK,"=""21251338""",Resident,VALID,7/13/2024 12:00:00 AM,CLEARWATER,FL,"=""33764""",Pinellas
G146280,MSR ADJUSTERS,"=""21272271""",Resident,VALID,8/1/2024 12:00:00 AM,TAMPA,FL,"=""33607""",Hillsborough
G133261,"SOUTHWEST FLORIDA CLAIMS ADJUSTERS, LLC","=""21228332""",Resident,VALID,6/20/2024 12:00:00 AM,CAPE CORAL,FL,"=""33904""",Lee
G116661,NET CLAIMS NOW,"=""21154922""",Resident,VALID,4/26/2024 12:00:00 AM,OCOEE,FL,"=""34761""",Orange
G116147,TEMPLE PUBLIC ADJUSTERS AND CONSULTANTS LLC,"=""20836262""",Resident,VALID,4/24/2024 12:00:00 AM,FORT LAUDERDALE,FL,"=""33309""",Broward
G142629,LD FLORIDA ADJUSTING LLC DBA ASK AN ADJUSTER,"=""21260306""",Resident,VALID,7/22/2024 12:00:00 AM,WEST PALM BEACH,FL,"=""33401""",Palm Beach
G132194,PWR CLAIMS CONSULTING LLC,"=""21224017""",Resident,VALID,6/17/2024 12:00:00 AM,MIAMI,FL,"=""33177""",Dade
W820943,ABBA CLAIMS CONSULTANTS,"=""17595696""",Non-Resident,VALID,6/13/2024 12:00:00 AM,DALLAS,TX,"=""79424""",
G143189,PRIMA PUBLIC ADJUSTERS,"=""21261610""",Resident,VALID,7/23/2024 12:00:00 AM,BOCA RATON,FL,"=""33496""",Palm Beach
G132464,SOL KLEIN PUBLIC ADJUSTERS LLC,"=""20271035""",Non-Resident,VALID,6/18/2024 12:00:00 AM,LAKEWOOD,NJ,"=""08701""",
G123501,SOUTHERN STATE CLAIMS ADJUSTERS LLC.,"=""21178903""",Resident,VALID,5/20/2024 12:00:00 AM,ODESSA,FL,"=""33556""",Pasco
G123502,PROPER CLAIMS ADJUSTING,"=""21178905""",Resident,VALID,5/20/2024 12:00:00 AM,FT LAUDERDALE,FL,"=""33301""",Broward
G148655,ANVAL SERVICES LLC,"=""21281145""",Resident,VALID,8/9/2024 12:00:00 AM,ORLANDO,FL,"=""32824""",Orange
G153991,CLEAR CHOICE CLAIMS LLC,"=""21301726""",Resident,VALID,8/26/2024 12:00:00 AM,PALMETTO,FL,"=""34221""",Manatee
G141532,FIRE CLAIM ADJUSTERS LLC,"=""21255462""",Resident,VALID,7/17/2024 12:00:00 AM,WINTER SPRINGS,FL,"=""32708""",Seminole
W914810,"COASTAL PUBLIC ADJUSTING, INC","=""16651114""",Non-Resident,VALID,10/3/2024 12:00:00 AM,MASSAPEQUA,NY,"=""11758""",
G152658,"PROXY INSURANCE CLAIMS ADJUSTER, CORP","=""21296746""",Resident,VALID,8/21/2024 12:00:00 AM,LAKE WORTH,FL,"=""33467""",Palm Beach
G161568,CRAYTON ADJUSTING GROUP,"=""21325878""",Resident,VALID,9/17/2024 12:00:00 AM,"ORLANDO, ORANGE, FL",FL,"=""32817""",Orange
G200727,SAMARITAN PUBLIC ADJUSTERS LLC,"=""21429690""",Resident,VALID,1/4/2025 12:00:00 AM,FL - ORLANDO,FL,"=""32818""",Orange
G173414,PROPERTY ADJUSTING GROUP,"=""21352546""",Resident,VALID,10/11/2024 12:00:00 AM,MIAMI,FL,"=""33144""",Dade
G176850,"YOUR CLAIM HERO, LLC","=""21359531""",Resident,VALID,10/17/2024 12:00:00 AM,CLEARWATER,FL,"=""33762""",Pinellas
G176559,"EMPIRE PUBLIC ADJUSTERS, INC.","=""18400152""",Non-Resident,VALID,10/16/2024 12:00:00 AM,MCKINNEY,TX,"=""75072""",
G175438,"VICTORY PUBLIC ADJUSTING, LLC","=""21355753""",Resident,VALID,10/15/2024 12:00:00 AM,MIAMI,FL,"=""331965822""",Dade
G188011,"PALMER CLAIMS CONSULTANTS, INC.","=""21388623""",Resident,VALID,11/15/2024 12:00:00 AM,PLANTATION,FL,"=""33324""",Broward
G168106,"SUNSHINE CLAIMS CONSULTANTS, INC.","=""21343904""",Resident,VALID,10/3/2024 12:00:00 AM,MIAMI LAKES,FL,"=""33014""",Dade
G172964,MICHAEL,"=""21351592""",Resident,VALID,10/10/2024 12:00:00 AM,MIAMI,FL,"=""33176""",Dade
G169628,FIRM RESOLUTIONS,"=""21347233""",Resident,VALID,10/7/2024 12:00:00 AM,MIAMI,FL,"=""33132""",Dade
G158973,LEGACY ADJUSTMENT,"=""21317887""",Resident,VALID,9/10/2024 12:00:00 AM,ORLANDO,FL,"=""32832""",Orange
G166069,JUSTICE CLAIMS,"=""19577329""",Non-Resident,VALID,9/30/2024 12:00:00 AM,ORANGE,TX,"=""77630""",
G155871,"WHITE GLOVE ADJUSTING, LLC","=""21307049""",Resident,VALID,8/30/2024 12:00:00 AM,MIAMI,FL,"=""31356""",Dade
G164985,J. R. CLAIMS CONSULTANTS,"=""20669563""",Non-Resident,VALID,9/26/2024 12:00:00 AM,BOERNE,TX,"=""78006""",
G171782,GUARDIAN ADJUSTMENT GROUP LLC,"=""16591873""",Non-Resident,VALID,10/9/2024 12:00:00 AM,PIPERSVILLE,PA,"=""18947""",
G171784,SWFL PUBLIC ADJUSTERS,"=""21350032""",Resident,VALID,10/9/2024 12:00:00 AM,NAPLES,FL,"=""34120""",Collier
G180030,GENERAL INSURANCE PROFESSIONALS,"=""21366154""",Resident,VALID,10/24/2024 12:00:00 AM,NORTH MIAMI,FL,"=""33167""",Dade
G168978,TITAN ASSET ADJUSTERS LLC,"=""21347232""",Resident,VALID,10/7/2024 12:00:00 AM,SAINT PETERSBURG,FL,"=""33702""",Pinellas
G169465,SHIELD PUBLIC ADJUSTERS,"=""21347170""",Resident,VALID,10/7/2024 12:00:00 AM,PORT CHARLOTTE,FL,"=""33981""",Charlotte
G177065,MCBAE CONSULTANTS LLC,"=""21359545""",Resident,VALID,10/17/2024 12:00:00 AM,PALMETTO BAY,FL,"=""33176""",Dade
G172943,CLAIMS NATION PUBLIC ADJUSTERS INC.,"=""21351580""",Resident,VALID,10/10/2024 12:00:00 AM,JACKSONVILLE,FL,"=""32258""",Duval
G185133,"SAILFISH CLAIMS, LLC","=""21380382""",Resident,VALID,11/7/2024 12:00:00 AM,PORT SAINT LUCIE,FL,"=""34984""",St. Lucie
G177825,ADJUSTER BUDDY LLC,"=""21360374""",Resident,VALID,10/18/2024 12:00:00 AM,MERRITT ISLAND,FL,"=""32953""",Brevard
G152762,DYNAMIC CLAIMS ADVISORS INC,"=""21296732""",Resident,VALID,8/21/2024 12:00:00 AM,HAINES CITY,FL,"=""33844""",Polk
G171982,"GREENSPAN ADJUSTERS INTERNATIONAL, INC.","=""7812070""",Non-Resident,VALID,10/9/2024 12:00:00 AM,SOUTH SAN FRANCISCO,CA,"=""94080""",
G176312,RESTORED PUBLIC ADJUSTING AND CLAIM CONSULTING,"=""21357714""",Resident,VALID,10/16/2024 12:00:00 AM,PENSACOLA,FL,"=""32534""",Escambia
W950862,AMERICAN PRIVATE ADJUSTER CO,"=""20614076""",Resident,VALID,10/9/2024 12:00:00 AM,PORT CHARLOTTE,FL,"=""33948""",Charlotte
G165786,"PRIMEBAY, CORP","=""21339415""",Resident,VALID,9/30/2024 12:00:00 AM,MIAMI,FL,"=""33175""",Dade
G168078,"DA LAMONT PUBLIC ADJUSTERS, LLC","=""16319170""",Non-Resident,VALID,10/3/2024 12:00:00 AM,SPRINGTOWN,TX,"=""76082""",
G159562,BLUEJAY ADJUSTERS,"=""21319313""",Resident,VALID,9/11/2024 12:00:00 AM,HOLLYWOOD,FL,"=""33021""",Broward
G164556,SOFLO PUBLIC ADJUSTERS INC.,"=""21334655""",Resident,VALID,9/25/2024 12:00:00 AM,DEERFIELD BEACH,FL,"=""33064""",Broward
G176561,305 CLAIMS LLC,"=""21357716""",Resident,VALID,10/16/2024 12:00:00 AM,PEMBROKE PINES,FL,"=""33024""",Broward
G181738,KODIAK CLAIMS PROFESSIONALS LLC DBA KCP PUBLIC ADJ,"=""20844087""",Non-Resident,VALID,10/30/2024 12:00:00 AM,SPRINGFIELD,MO,"=""65804""",
G176328,ADVANCED CLAIMS CONSULTING LLC,"=""21357704""",Resident,VALID,10/16/2024 12:00:00 AM,CAPE CORAL,FL,"=""33991""",Lee
G176327,ALL YOUR CLAIMS NEEDS LLC,"=""21357687""",Resident,VALID,10/16/2024 12:00:00 AM,DAVIE,FL,"=""33325""",Broward
G181725,"THE NATIONAL ADJUSTERS GROUP, LLC","=""21372167""",Resident,VALID,10/30/2024 12:00:00 AM,OAKLAND PARK,FL,"=""33309""",Broward
G101612,"PUBLIC ADJUSTING FIRM OF FLORIDA, INC","=""21104595""",Resident,VALID,8/22/2024 12:00:00 AM,MIAMI,FL,"=""33182""",Dade
G176311,WILSON PUBLIC ADJUSTING,"=""21357686""",Resident,VALID,10/16/2024 12:00:00 AM,MIAMI,FL,"=""33176""",Dade
G174676,NISICOMPLEX LLC,"=""21354976""",Resident,VALID,10/14/2024 12:00:00 AM,FORT PIERCE,FL,"=""34945""",St. Lucie
G165895,PROPERTY CLAIM PRO,"=""21339442""",Resident,VALID,9/30/2024 12:00:00 AM,MIAMI SPRINGS,FL,"=""33166""",Dade
W844697,"NO STRESS INSURANCE CLAIMS, LLC","=""20289890""",Resident,VALID,8/21/2024 12:00:00 AM,ALTAMONTE SPRINGS,FL,"=""32714""",Dade
G165961,ASSET CLAIMS,"=""21339417""",Resident,VALID,9/30/2024 12:00:00 AM,PINECREST,FL,"=""33156""",Dade
G164062,CEDRICK JONES & ASSOCIATES,"=""21333225""",Resident,VALID,9/24/2024 12:00:00 AM,JACKSONVILLE,FL,"=""32216""",Duval
G165125,"EXTREME ADJUSTING SERVICES, INC","=""21337161""",Resident,VALID,9/27/2024 12:00:00 AM,FORT MYERS,FL,"=""33913""",Lee
G185570,HEIDI MUNIZ ADJUSTING,"=""21381644""",Resident,VALID,11/8/2024 12:00:00 AM,KISSIMMEE,FL,"=""34744""",Osceola
G187550,KANDID INC,"=""21387186""",Resident,VALID,11/14/2024 12:00:00 AM,MIAMI BEACH,FL,"=""33139""",Broward
G206836,FLORIDA CLAIMS ADJUSTING FIRM,"=""21454550""",Resident,VALID,1/29/2025 12:00:00 AM,PLANTATION,FL,"=""33324""",Broward
G199147,ROBERT E KELLER,"=""21423497""",Resident,VALID,12/26/2024 12:00:00 AM,CLEARWATER,FL,"=""33764""",Pinellas
W818100,PREMIER 1ST CORPORATION DBA ALLIED ADJUSTER SERVICES,"=""8319273""",Resident,VALID,1/30/2025 12:00:00 AM,BOCA RATON,FL,"=""33431""",Palm Beach
G192183,CAPITAL INSURANCE ESTIMATING & APPRAISAL INC.,"=""21403428""",Resident,VALID,12/3/2024 12:00:00 AM,FORT LAUDERDALE,FL,"=""33301""",Broward
G199012,"SHORELINE PUBLIC ADJUSTERS, LLC","=""21423495""",Resident,VALID,12/26/2024 12:00:00 AM,NAPLES,FL,"=""34104""",Collier
G203315,CHASE PUBLIC ADJUSTING LLC,"=""21439022""",Resident,VALID,1/14/2025 12:00:00 AM,CLRAWATER,FL,"=""33760""",Pinellas
G187726,"MESSERI & ASSOCIATES, LLC","=""21387211""",Resident,VALID,11/14/2024 12:00:00 AM,MIAMI,FL,"=""33180""",Dade
G196980,"CLAIMS PROFESSIONAL REPRESENTATIVES, LLC","=""10371415""",Non-Resident,VALID,12/18/2024 12:00:00 AM,OSCEOLA,IN,"=""46561""",
G201747,CLAIMS HUNTERS INC,"=""21433458""",Resident,VALID,1/8/2025 12:00:00 AM,KISSIMMEE,FL,"=""34741""",Osceola
G213470,"SPACE COAST CLAIM PRO, LLC","=""21484908""",Resident,VALID,2/20/2025 12:00:00 AM,MELBOURNE,FL,"=""32935""",Brevard
G210405,TRUE FLORIDA ADJUSTERS LLC,"=""21472926""",Resident,VALID,2/10/2025 12:00:00 AM,HAINS CITY,FL,"=""33844""",Polk
G214153,PIONEER CLAIMS ADJUSTERS,"=""21488549""",Resident,VALID,2/24/2025 12:00:00 AM,ORLANDO,FL,"=""32801""",Orange
G197799,PLATINUM PUBLIC ADJUSTING INC.,"=""21419680""",Resident,VALID,12/19/2024 12:00:00 AM,PALMETTO BAY,FL,"=""33157""",Dade
G218943,DIVERSIFIED LOSS SOLUTIONS LLC,"=""21513000""",Resident,VALID,3/11/2025 12:00:00 AM,TITUSVILLE,FL,"=""32780""",Brevard
G045154,ID CREW LLC,"=""20856099""",Resident,VALID,11/25/2024 12:00:00 AM,CAPE CORAL,FL,"=""33914""",Lee
W816859,"ALLIANCE LOSS CONSULTANTS, LLC","=""20192486""",Resident,VALID,5/2/2025 12:00:00 AM,BOCA RATON,FL,"=""33431""",Palm Beach
W815771,UNITED CLAIMS ADJUSTERS,"=""20187305""",Resident,VALID,2/11/2025 12:00:00 AM,MIRAMAR,FL,"=""33025""",Broward
G200789,GAURDIAN ADJUSTING GROUP LLC,"=""21430828""",Resident,VALID,1/6/2025 12:00:00 AM,BOCA RATON,FL,"=""33433""",Palm Beach
G208241,GUERRA CONSULTING GROUP,"=""21459023""",Resident,VALID,2/3/2025 12:00:00 AM,MIAMI,FL,"=""33172""",Dade
G215625,HONEST PUBLIC ADJUSTING,"=""21494136""",Resident,VALID,2/27/2025 12:00:00 AM,CAPE CORAL,FL,"=""33993""",Lee
G222511,"CLAIMS SUPPORT, INC","=""21529708""",Resident,VALID,3/21/2025 12:00:00 AM,MIAMI,FL,"=""33186""",Dade
G242411,DELPHINIDAE ADJUSTER LLC,"=""21154499""",Resident,VALID,5/29/2025 12:00:00 AM,INTERCESSION CITY,FL,"=""33848""",Osceola
G202123,"SUNCOAST CLAIMS, INC.","=""14809037""",Non-Resident,VALID,1/9/2025 12:00:00 AM,BEDFORD,TX,"=""76022""",
G202159,CHURCHILL PUBLIC ADJUSTERS CORP.,"=""21434702""",Resident,VALID,1/9/2025 12:00:00 AM,BOCA RATON,FL,"=""33433""",Palm Beach
G211624,VANGUARD CLAIMS SOLUTIONS,"=""21477937""",Resident,VALID,2/13/2025 12:00:00 AM,NEW PORT RICHEY,FL,"=""34653""",Pasco
G216070,"ALL SERVICE PA, LLC","=""21495472""",Resident,VALID,2/28/2025 12:00:00 AM,FORT MYERS,FL,"=""33919""",Lee
G215535,FINAL ANALYSIS,"=""21494162""",Resident,VALID,2/27/2025 12:00:00 AM,NAPLES,FL,"=""34104""",Collier
G209821,"SHARP ADJUSTING AND CONSULTING SERVICES, INC","=""21470172""",Resident,VALID,2/7/2025 12:00:00 AM,COOPER CITY,FL,"=""33330""",Broward
W829230,AMERICAN CHOICE PUBLIC ADJUSTERS LLC,"=""20238321""",Resident,VALID,3/3/2025 12:00:00 AM,FORT LAUDERDALE,FL,"=""33311""",Broward
G212238,"VETERAN PUBLIC ADJUSTERS, LLC","=""21480201""",Resident,VALID,2/17/2025 12:00:00 AM,MELBOURNE,FL,"=""32940""",Brevard
G204885,EVOLUTION USA ADJUSTERS LLC,"=""21445777""",Resident,VALID,1/22/2025 12:00:00 AM,KISSIMMEE,FL,"=""34741""",Osceola
G195282,"ASSURED PUBLIC ADJUSTERS, LLC","=""7068404""",Resident,VALID,12/11/2024 12:00:00 AM,NORTH PORT,FL,"=""34287""",Sarasota
G216575,FMS CLAIMS ADJUSTERS,"=""21498010""",Resident,VALID,3/3/2025 12:00:00 AM,MIAMI,FL,"=""33182""",Dade
G207457,CENTURION CLAIMS,"=""21459010""",Resident,VALID,1/30/2025 12:00:00 AM,BOYNTON BEACH,FL,"=""33435""",Palm Beach
G207365,"RUBICON SOUTH CONSULTATION, LLC","=""21458991""",Resident,VALID,1/30/2025 12:00:00 AM,DELRAY BEACH,FL,"=""33446""",Palm Beach
G205809,"MAXIMIZE CLAIMS, LLC","=""19493656""",Resident,VALID,1/26/2025 12:00:00 AM,DELRAY BEACH,FL,"=""33483""",Palm Beach
G212281,ADJUST YOUR CLAIM LLC,"=""21480196""",Resident,VALID,2/17/2025 12:00:00 AM,ORLANDO,FL,"=""32819""",Orange
G196236,PILLAR PUBLIC ADJUSTING,"=""21416013""",Resident,VALID,12/16/2024 12:00:00 AM,HALLANDALE BEACH,FL,"=""33009""",Broward
G213173,IRWIN & ASSOCIATES INTERNATIONAL,"=""21061351""",Non-Resident,VALID,2/19/2025 12:00:00 AM,SLIDELL,LA,"=""70458""",
G189559,CAPTAIN CLAIMS LLC,"=""21393238""",Resident,VALID,11/20/2024 12:00:00 AM,DUNNELLON,FL,"=""34432""",Broward
G189667,"KJ & ASSOCIATES INSURANCE CLAIM SERVICES, INC.","=""21393254""",Resident,VALID,11/20/2024 12:00:00 AM,LOXAHATCHEE,FL,"=""33470""",Palm Beach
G203632,"ATLAS PUBLIC ADJUSTERS, LLC","=""21440298""",Resident,VALID,1/15/2025 12:00:00 AM,DAVENPORT,FL,"=""33896""",Polk
G191953,PROPERTY CLAIMS SPECIALISTS,"=""21402546""",Resident,VALID,12/2/2024 12:00:00 AM,NORTH PORT,FL,"=""34286""",Sarasota
G208292,NGP PUBLIC ADJUSTING,"=""21459005""",Resident,VALID,2/3/2025 12:00:00 AM,GULF BREEZE,FL,"=""32561""",Santa Rosa
G201653,SHEPHERD CLAIMS SOLUTIONS LLC,"=""21143792""",Non-Resident,VALID,1/8/2025 12:00:00 AM,DALLAS,TX,"=""75287""",
W806321,"CONSULTANTS FIRST,LLC","=""20152885""",Resident,VALID,12/17/2024 12:00:00 AM,MIAMI,FL,"=""33138""",Dade
G213613,GUARDIAN ANGEL ADJUSTERS,"=""21486286""",Resident,VALID,2/21/2025 12:00:00 AM,ORLANDO,FL,"=""32817""",Orange
W852837,AMERICAN CLAIMS PROTECTION,"=""20316688""",Resident,VALID,3/14/2025 12:00:00 AM,NORTHBAY VILLAGE,FL,"=""33141""",Dade
G220004,PAY OUR CLAIMS LLC,"=""21521280""",Resident,VALID,3/13/2025 12:00:00 AM,LONGWOOD,FL,"=""32779""",Seminole
G240154,"CLAIM ANALYSIS, INC.","=""21598422""",Resident,VALID,5/21/2025 12:00:00 AM,TAMPA,FL,"=""33602""",Hillsborough
W926021,ATLAS CLAIMS SOLUTIONS CORP,"=""20533113""",Resident,VALID,6/13/2025 12:00:00 AM,PLANTATION,FL,"=""33324""",Broward
G231274,PROPERTY DAMAGE CLAIMS EXPERTS,"=""21565269""",Resident,VALID,4/21/2025 12:00:00 AM,WEST PALM BEACH,FL,"=""33409""",Palm Beach
G232299,"INSURANCE CONSULTING GROUP, LLC DBA SFPA APPRAISAL GROUP, LLC","=""21568390""",Resident,VALID,4/23/2025 12:00:00 AM,MIAMI,FL,"=""33155""",Dade
G018807,"VETERAN ADJUSTERS, INC.","=""19824798""",Resident,VALID,4/30/2025 12:00:00 AM,HOLLYWOOD,FL,"=""33020""",Broward
G233284,IBIS PUBLIC ADJUSTING LLC,"=""21572628""",Resident,VALID,4/28/2025 12:00:00 AM,SEBASTIAN,FL,"=""32958""",Indian River
G227095,FLORIDA SERVICES AND CLAIMS INC,"=""21549448""",Resident,VALID,4/7/2025 12:00:00 AM,DELAND,FL,"=""32724""",Volusia
G252370,"SECURECLAIM PUBLIC ADJUSTERS, LLC","=""21643273""",Non-Resident,VALID,7/2/2025 12:00:00 AM,COUHTTA,GA,"=""30710""",
G229645,"NEXHEN, LLC","=""21559189""",Resident,VALID,4/15/2025 12:00:00 AM,BOCA RATON,FL,"=""33431""",Broward
G240248,ROUSSO ADJUSTING LLC,"=""21598393""",Resident,VALID,5/21/2025 12:00:00 AM,LAUDERDALE BY THE SEA,FL,"=""33308""",Broward
G245675,B1 TRANSPORTATION LLC DBA ON DEMAND ADJUSTER,"=""21618820""",Resident,VALID,6/10/2025 12:00:00 AM,FT LAUDERDALE,FL,"=""33312""",Broward
G234350,AVENGERS PUBLIC ADJUSTERS,"=""21576994""",Resident,VALID,5/1/2025 12:00:00 AM,CAPE CORAL,FL,"=""33904""",Lee
G247260,ICONIC CLAIMS SOLUTIONS LLC,"=""21625105""",Resident,VALID,6/16/2025 12:00:00 AM,KISSIMEE,FL,"=""34744""",Osceola
G246721,TRI STAR PUBLIC ADJUSTERS LLC,"=""21623064""",Resident,VALID,6/13/2025 12:00:00 AM,TAMARAC,FL,"=""33321""",Broward
G253144,APEX PUBLIC ADJUSTING INC,"=""21646539""",Resident,VALID,7/7/2025 12:00:00 AM,DAVIE,FL,"=""33314""",Broward
G224682,COAST2COAST CONSTRUCTION CONSULTANTS,"=""21538157""",Resident,VALID,3/28/2025 12:00:00 AM,WESLEY CHAPEL,FL,"=""33543""",Pasco
W858499,A & L ADJUSTERS CORPORATION/ARGEL  DURAN,"=""20336343""",Resident,VALID,5/14/2025 12:00:00 AM,ORLANDO,FL,"=""32825""",Orange
G225479,CODE ONE PUBLIC ADJUSTING LLC,"=""21542361""",Resident,VALID,4/1/2025 12:00:00 AM,MIAMI,FL,"=""33169""",Dade
W805858,"BRIDGE CLAIMS ADVOCATES, LLC","=""20150197""",Resident,VALID,5/9/2025 12:00:00 AM,PORT ST. LUCIE,FL,"=""34952""",St. Lucie
G222681,KUREK CLAIMS LLC,"=""21531915""",Resident,VALID,3/24/2025 12:00:00 AM,BRADENTON,FL,"=""34209""",Manatee
G225121,"ALLEGIANT PUBLIC ADJUSTERS, INC.","=""21540343""",Resident,VALID,3/31/2025 12:00:00 AM,TALLAHASSEE,FL,"=""32308""",Leon
W865688,"ALL FLORIDA CLAIMS ADVISORS, LLC","=""20360426""",Resident,VALID,5/12/2025 12:00:00 AM,MIAMI,FL,"=""33175""",Dade
W826146,TRITON PUBLIC ADJUSTERS,"=""20227536""",Resident,VALID,3/18/2025 12:00:00 AM,CUTLER BAY,FL,"=""33157""",Dade
G221226,"PANTANAL CLAIMS ADJUSTERS, LLC","=""21525954""",Resident,VALID,3/18/2025 12:00:00 AM,ORLANDO,FL,"=""32820""",Orange
G225925,"ALIGNED ADJUSTING, LLC","=""21544738""",Resident,VALID,4/2/2025 12:00:00 AM,ORLANDO,FL,"=""32801""",Orange
G226795,ONEM CONSULTING FIRM LLC,"=""21388155""",Non-Resident,VALID,4/4/2025 12:00:00 AM,HOUSTON,TX,"=""77047""",
W818879,OAKMONT PUBLIC ADJUSTING,"=""20200943""",Resident,VALID,4/25/2025 12:00:00 AM,BOCA RATON,FL,"=""33431""",Palm Beach
W838488,REEL TIME ESTIMATING & ADJUSTING,"=""20268853""",Resident,VALID,4/25/2025 12:00:00 AM,MARGATE,FL,"=""33063""",Broward
G194324,MALKI INSURANCE ADJUSTING LLC,"=""21411552""",Resident,VALID,5/30/2025 12:00:00 AM,PLANTATION,FL,"=""33324""",Broward
G228878,SAGE PUBLIC ADJUSTING SERVICES,"=""21555147""",Resident,VALID,4/11/2025 12:00:00 AM,FORT LAUDERDALE,FL,"=""33301""",Broward
G234034,GNC CLAIMS CONSULTANTS,"=""21575630""",Resident,VALID,4/30/2025 12:00:00 AM,MIAMI,FL,"=""33193""",Dade
G235798,SUNCOAST PUBLIC ADJUSTING,"=""21581675""",Resident,VALID,5/6/2025 12:00:00 AM,ESTERO,FL,"=""33928""",Lee
G237811,MAGNUM PA,"=""21589393""",Resident,VALID,5/13/2025 12:00:00 AM,LAKE PANASOFFKEE,FL,"=""33538""",Sumter
G232324,DJS CONSULTING & EVENTS LLC,"=""21568340""",Resident,VALID,4/23/2025 12:00:00 AM,ORLANDO,FL,"=""32832""",Orange
G236096,FAIR RESOLUTION CLAIMS,"=""21583638""",Resident,VALID,5/7/2025 12:00:00 AM,ORLANDO (ORANGE),FL,"=""32832""",Orange
G240595,CAPITAL CLAIMS GROUP INC.,"=""21600339""",Resident,VALID,5/22/2025 12:00:00 AM,MIRAMAR,FL,"=""33025""",Broward
G233131,ABSOLUTE CLAIMS ADVOCATES,"=""21572621""",Resident,VALID,4/28/2025 12:00:00 AM,FORT LAUDERDALE,FL,"=""33309""",Broward
G236242,TRUEHAVEN CLAIMS CONSULTING,"=""21583595""",Resident,VALID,5/7/2025 12:00:00 AM,PONTE VEDRA,FL,"=""32081""",St. Johns
G221230,VICTORIOUS ADJUSTERS GROUP LLC,"=""21525939""",Resident,VALID,3/18/2025 12:00:00 AM,KISSIMMEE,FL,"=""34746""",Osceola
G226158,PROPERTY DAMAGE EXPERTS,"=""21544778""",Resident,VALID,4/2/2025 12:00:00 AM,ST. AUGUSTINE,FL,"=""32092""",St. Johns
G226380,PROPERTY DAMAGE SOLUTIONS INC.,"=""21325165""",Resident,VALID,4/3/2025 12:00:00 AM,JACKSONVILLE,FL,"=""32225""",Duval
G220856,JP PUBLIC ADJUSTERS GROUP,"=""21524343""",Resident,VALID,3/17/2025 12:00:00 AM,DELRAY BEACH,FL,"=""33483""",Palm Beach
G251102,PRO & CLAIM LLC,"=""21638287""",Resident,VALID,6/27/2025 12:00:00 AM,DORAL,FL,"=""33178""",Dade
G230750,SUPREME ADJUSTING LLC,"=""19096453""",Non-Resident,VALID,4/17/2025 12:00:00 AM,PALATINE,IL,"=""60067""",
G248028,"MANHATTAN PUBLIC ADJUSTMENT, LLC","=""20287354""",Non-Resident,VALID,6/17/2025 12:00:00 AM,NEW YORK,NY,"=""10038""",
G228129,PROPERTY CLAIM GROUP USA,"=""21552417""",Resident,VALID,4/9/2025 12:00:00 AM,WESTON,FL,"=""33331""",Broward
G250672,OAKLINE ADJUSTING & DISPUTE RESOLUTION,"=""21636989""",Resident,VALID,6/26/2025 12:00:00 AM,WESLEY CHAPEL,FL,"=""33543""",Pasco
G230149,PUBLIC ADJUSTERS COALITION,"=""21560619""",Resident,VALID,4/16/2025 12:00:00 AM,WEST PALM BEACH,FL,"=""33411""",Palm Beach
W971658,AV CLAIM STRATEGIES INC,"=""20686764""",Resident,VALID,5/1/2025 12:00:00 AM,MIAMI BEACH,FL,"=""33139""",Dade
G249194,STEPHENS CLAIM SERVICES INC,"=""21633057""",Resident,VALID,6/23/2025 12:00:00 AM,SOUTH PALM BEACH,FL,"=""33480""",Palm Beach
G252036,AJW CLAIMS,"=""21641832""",Resident,VALID,7/1/2025 12:00:00 AM,MIRAMAR,FL,"=""33027""",Dade
G240494,KYLE,"=""21600340""",Resident,VALID,5/22/2025 12:00:00 AM,ALACHUA,FL,"=""32615""",Alachua
G268861,V&F LEGACY GROUP INCORPORATED,"=""21705272""",Resident,VALID,8/25/2025 12:00:00 AM,PLANTATION,FL,"=""33324""",Broward
G267291,STATE PUBLIC ADJUSTING CO,"=""16783677""",Non-Resident,VALID,8/20/2025 12:00:00 AM,WEST READING,PA,"=""19611""",
G276087,PROPERTY ADVISORS,"=""21730276""",Resident,VALID,9/17/2025 12:00:00 AM,MELBOURNE,FL,"=""32935""",Brevard
G261280,HIGH NET WORTH SOLUTIONS LLC D/B/A HNW ADJUSTERS,"=""21677948""",Resident,VALID,7/31/2025 12:00:00 AM,SAINT CLOUD,FL,"=""34772""",Osceola
G275393,QUAD STATE PUBLIC ADJUSTING,"=""21727510""",Resident,VALID,9/15/2025 12:00:00 AM,SAINT CLOUD,FL,"=""34772""",Osceola
G259183,RELENTLESS PURSUIT PUBLIC ADJUSTING LLC,"=""21671118""",Resident,VALID,7/25/2025 12:00:00 AM,YULEE,FL,"=""32097""",Nassau
G273084,VALOR PUBLIC ADJUSTERS,"=""21721375""",Resident,VALID,9/9/2025 12:00:00 AM,VERO BEACH,FL,"=""32960""",Indian River
G264727,IRON GUARD CLAIMS LLC,"=""21690557""",Resident,VALID,8/12/2025 12:00:00 AM,MIRAMAR,FL,"=""33027""",Dade
G267978,CLAIM ADJUSTING PROS,"=""21702385""",Resident,VALID,8/21/2025 12:00:00 AM,MIAMI,FL,"=""33177""",Dade
G253396,BRILLIANT CLAIMS CONSULTING LLC,"=""21648125""",Resident,VALID,7/8/2025 12:00:00 AM,SANFORD,FL,"=""32771""",Seminole
W817848,CROSSTOWN PUBLIC ADJUSTERS & HOME INSPECTIONS LLC,"=""20196760""",Resident,VALID,9/19/2025 12:00:00 AM,MIAMI,FL,"=""33168""",Dade
G279745,"LANDFALL PUBLIC ADJUSTERS, LLC","=""21742546""",Resident,VALID,9/29/2025 12:00:00 AM,ORMOND BEACH,FL,"=""32174""",Volusia
G282662,RUBIN AND ROSEN ADJUSTERS,"=""12722646""",Non-Resident,VALID,10/7/2025 12:00:00 AM,BROOKLYN,NY,"=""11234""",
W805639,JMD CONSULTANTS INC DBA THE PROPERTY CLAIM,"=""20148880""",Resident,VALID,9/15/2025 12:00:00 AM,WESTON,FL,"=""33331""",Broward
G259997,"HP ADJUSTMENTS, LLC","=""21673242""",Resident,VALID,7/28/2025 12:00:00 AM,SOUTH DAYTONA,FL,"=""32119""",Volusia
G280748,IRON GUARD CLAIMS OF SOUTH FLORIDA LLC,"=""21745316""",Resident,VALID,10/1/2025 12:00:00 AM,MIRAMAR,FL,"=""33027""",Broward
G272398,ATLAS CLAIMS LLC,"=""21717999""",Resident,VALID,9/5/2025 12:00:00 AM,POMPANO BEACH,FL,"=""33062""",Broward
G267893,INTEGRA PROPERTY CLAIM SOLUTIONS,"=""21702364""",Resident,VALID,8/21/2025 12:00:00 AM,BOCA RATON,FL,"=""33432""",Palm Beach
G270602,GOOD NEWS CLAIMS,"=""21711172""",Resident,VALID,8/29/2025 12:00:00 AM,RIVERVIEW,FL,"=""335799438""",Hillsborough
G282762,"CLAIMS WON, LLC","=""21030494""",Non-Resident,VALID,10/8/2025 12:00:00 AM,PHILADELPHIA,PA,"=""19106""",
G282978,NEW LEAF CLAIMS CONSULTING LLC,"=""21752436""",Resident,VALID,10/8/2025 12:00:00 AM,SARASOTA,FL,"=""34243""",Sarasota
G279376,ABSOLUTE PUBLIC ADJUSTERS LLC,"=""21740663""",Resident,VALID,9/26/2025 12:00:00 AM,PORT SAINT LUCIE,FL,"=""34953""",St. Lucie
G268032,M&S CLAIMS SERVICES LLC,"=""21702401""",Resident,VALID,8/21/2025 12:00:00 AM,ST PETE BEACH,FL,"=""33706""",Hillsborough
W826193,REGION ADJUSTING INC.,"=""19474426""",Resident,VALID,9/10/2025 12:00:00 AM,WESLEY CHAPEL,FL,"=""33543""",Pasco
W874722,GB ADJUSTING LLC DBA CCA PUBLIC ADJUSTERS DBA COAST 2 COAST ADJUSTER,"=""20391206""",Resident,VALID,9/24/2025 12:00:00 AM,MERRITT ISLAND,FL,"=""32952""",Brevard
G269876,STRIVE CLAIMS,"=""21708242""",Resident,VALID,8/27/2025 12:00:00 AM,RIVERVIEW,FL,"=""335799438""",Hillsborough
G260266,SOUTH FLORIDA UNITED PUBLIC ADJUSTERS,"=""21674849""",Resident,VALID,7/29/2025 12:00:00 AM,MIAMI,FL,"=""33131""",Dade
W891616,"CAC ADJUSTING, INC.","=""20442688""",Resident,VALID,8/25/2025 12:00:00 AM,MIAMI,FL,"=""33186""",Dade
G269744,SONNIG ADJUSTING LLC,"=""21708241""",Resident,VALID,8/27/2025 12:00:00 AM,ORLANDO,FL,"=""32837""",Orange
G261714,SMART START CLAIM ADJUSTERS,"=""21679344""",Resident,VALID,8/1/2025 12:00:00 AM,CORAL SPRINGS,FL,"=""33065""",Broward
G277454,VALOR PUBLIC ADJUSTERS,"=""21734867""",Resident,VALID,9/22/2025 12:00:00 AM,VERO BEACH,FL,"=""32960""",Indian River
G255840,PA CLAIMS LLC,"=""21656684""",Resident,VALID,7/15/2025 12:00:00 AM,ORLANDO,FL,"=""32809""",Orange
G282397,REVIVE CLAIM MANAGEMENT LLC,"=""21397315""",Non-Resident,VALID,10/7/2025 12:00:00 AM,IRVING,TX,"=""750392803""",
G276678,"ESTRELLA ADJUSTING, LLC","=""21731833""",Resident,VALID,9/18/2025 12:00:00 AM,PEMBROKE PINES,FL,"=""33024""",Broward
G257515,YODA THE PUBLIC ADJUSTER LLC,"=""21662879""",Resident,VALID,7/21/2025 12:00:00 AM,DORAL,FL,"=""33166""",Dade
G260347,"DILLMAN & DILLMAN, LLC","=""21674843""",Non-Resident,VALID,7/29/2025 12:00:00 AM,TRUMBULL,CT,"=""06611""",
W811923,CAVALRY PUBLIC ADJUSTERS,"=""20172137""",Resident,VALID,9/29/2025 12:00:00 AM,MIAMI LAKES,FL,"=""33018""",Dade
G262883,TOP LEVEL PUBLIC ADJUSTING INC.,"=""21683974""",Resident,VALID,8/6/2025 12:00:00 AM,MELBOURNE,FL,"=""32934""",Brevard
W838449,"SUPERIOR PUBLIC ADJUSTERS, LLC","=""20268878""",Resident,VALID,10/23/2025 12:00:00 AM,MIAMI,FL,"=""33155""",Dade
G259432,"MARK CRAM PROPERTY SERVICES, INC.","=""21671098""",Resident,VALID,7/25/2025 12:00:00 AM,HOMOSASSA,FL,"=""344484956""",Citrus
G275662,SHORELINE CLAIMS LLC,"=""21728964""",Resident,VALID,9/16/2025 12:00:00 AM,BOCA RATON,FL,"=""33432""",Palm Beach
G283331,CLAIMS BEAST,"=""21753525""",Resident,VALID,10/9/2025 12:00:00 AM,RIVERVIEW,FL,"=""33578""",Hillsborough
G270689,ADJUSTIQSOLUTIONS LLC,"=""21711163""",Resident,VALID,8/29/2025 12:00:00 AM,MIAMI,FL,"=""33126""",Dade
G260257,ELEMENTAL CLAIMS LLC,"=""21674840""",Resident,VALID,7/29/2025 12:00:00 AM,RIVERVIEW,FL,"=""33579""",Hillsborough
G257793,RICHARD DOSIO LLC DBA PHOENIX PUBLIC ADJUSTING,"=""21664329""",Resident,VALID,7/22/2025 12:00:00 AM,PALM COAST,FL,"=""32164""",Flagler
G261648,AMERICAN CLAIM ADJUSTERS INC,"=""21679345""",Resident,VALID,8/1/2025 12:00:00 AM,CORAL GABLES,FL,"=""33134""",Dade
G304033,CLAIMOLOGY,"=""22081651""",Resident,VALID,12/22/2025 12:00:00 AM,DESTIN,FL,"=""32541""",Okaloosa
G292969,PUBLIC ADJUSTING SERVICES,"=""21782220""",Resident,VALID,11/6/2025 12:00:00 AM,JACKSONVILLE,FL,"=""32210""",Duval
G296470,"MAC HOME SERVICES CONSULTING, INC.","=""22052420""",Resident,VALID,11/19/2025 12:00:00 AM,ODESSA,FL,"=""33556""",Hillsborough
G303399,RESCUED CLAIMS,"=""22078931""",Resident,VALID,12/18/2025 12:00:00 AM,ST. PETERSBURG,FL,"=""33709""",Pinellas
G305295,"CLAIM PRO SERVICES, LLC","=""22086587""",Resident,VALID,12/30/2025 12:00:00 AM,PLANTATION,FL,"=""33322""",Broward
G300350,A2Z PROPERTY CLAIMS,"=""22068571""",Resident,VALID,12/8/2025 12:00:00 AM,SANFORD,FL,"=""32771""",Seminole
G285957,"LEVIN CLAIMS ADJUSTING SERVICES, INC.","=""21760657""",Resident,VALID,10/16/2025 12:00:00 AM,BOCA RATON,FL,"=""33434""",Palm Beach
G313332,"POPKIN ADJUSTMENT COMPANY, LLC","=""21162266""",Non-Resident,VALID,2/3/2026 12:00:00 AM,SHARON,MA,"=""02067""",
G311833,BOARD AND BEAM ADJUSTING LLC,"=""22111912""",Resident,VALID,1/28/2026 12:00:00 AM,WEST MELBOURNE,FL,"=""32904""",Brevard
G287323,PALM STATE CLAIMS,"=""21765059""",Resident,VALID,10/21/2025 12:00:00 AM,PALM SPRINGS,FL,"=""33461""",Palm Beach
W863777,TRUE ADJUSTMENT INC,"=""20356177""",Resident,VALID,1/30/2026 12:00:00 AM,MIAMI,FL,"=""33136""",Dade
G308518,"F.R.I. PUBLIC INSURANCE ADJUSTERS, INC.","=""8096354""",Resident,VALID,1/14/2026 12:00:00 AM,MIAMI BEACH,FL,"=""33139""",Dade
G308417,"ILCOA, INC.","=""20710770""",Non-Resident,VALID,1/14/2026 12:00:00 AM,CHICAGO,IL,"=""60642""",
G288962,AMERICAN FINANCIAL CLAIMS,"=""21769471""",Resident,VALID,10/26/2025 12:00:00 AM,MIAMI,FL,"=""33131""",Dade
G309565,NO-BULL CLAIMS LLC,"=""22103770""",Non-Resident,VALID,1/20/2026 12:00:00 AM,LEESBURG,GA,"=""31763""",
W892436,SEMPER FI PUBLIC ADJUSTERS SOUTHEAST LLC,"=""20319252""",Non-Resident,VALID,10/14/2025 12:00:00 AM,CLEVELAND,TN,"=""37321""",
G310485,"LUCID CLAIMS SERVICES, LLC","=""22106537""",Resident,VALID,1/22/2026 12:00:00 AM,CLEARWATER,FL,"=""33762""",Pinellas
G297619,"PARAMOUNT PUBLIC ADJUSTING, LLC","=""22056990""",Resident,VALID,11/24/2025 12:00:00 AM,CASSELBERRY,FL,"=""32707""",Seminole
G285508,FLORIDA PROPERTY CLAIMS LLC,"=""21759347""",Resident,VALID,10/15/2025 12:00:00 AM,PEMBROKE PINES,FL,"=""33028""",Broward
G300597,CLAIM SPECIALIST CONSULTING LLC,"=""21226790""",Resident,VALID,12/9/2025 12:00:00 AM,MIAMI,FL,"=""33125""",Dade
W926534,COCONUT GROVE CLAIM ADJUSTERS LLC,"=""20534250""",Resident,VALID,12/22/2025 12:00:00 AM,MIAMI,FL,"=""33181""",Dade
G300970,THE ADJUSTER KNOWS LIMITED LIABILITY COMPANY,"=""22072274""",Resident,VALID,12/11/2025 12:00:00 AM,MELBOURNE,FL,"=""32901""",Brevard
G300556,CLAIMS HELP ADJUSTING GROUP LLC,"=""22069960""",Resident,VALID,12/9/2025 12:00:00 AM,PORT SAINT LUCIE,FL,"=""34984""",St. Lucie
G288598,NEW EDGE APPRAISALS,"=""21769461""",Resident,VALID,10/24/2025 12:00:00 AM,HOLLYWOOD,FL,"=""33020""",Broward
G311991,GUARDIAN PUBLIC ADJUSTERS,"=""22111936""",Resident,VALID,1/28/2026 12:00:00 AM,TAMPA,FL,"=""33626""",Hillsborough
G299053,"ICE AR ENTERPRISES, LLC","=""22062832""",Resident,VALID,12/2/2025 12:00:00 AM,SAN ANTONIO,FL,"=""33576""",Pasco
W813723,A1 PROPERTY DAMAGE CLAIMS DBA CENTURY PUBLIC ADJUSTERS,"=""20178752""",Resident,VALID,3/11/2026 12:00:00 AM,AVENTURA,FL,"=""33180""",Dade
G287439,HDG PUBLIC ADJUSTERS & INSURANCE LOSS LLC,"=""21765086""",Resident,VALID,10/21/2025 12:00:00 AM,TAMPA,FL,"=""33614""",Hillsborough
G299671,ELOHEH PUBLIC ADJUSTING GROUP,"=""22065532""",Resident,VALID,12/4/2025 12:00:00 AM,JACKSONVILLE,FL,"=""32211""",Duval
G315491,ALPHA CLAIMS ADJUSTER,"=""22124895""",Resident,VALID,2/10/2026 12:00:00 AM,PLANTATION,FL,"=""33324""",Broward
G291084,"STATEWIDE PUBLIC ADJUSTING SERVICES, INC.","=""21776421""",Resident,VALID,10/31/2025 12:00:00 AM,MIAMI,FL,"=""33187""",Dade
G305286,CLAIMGUARDIANS LLC,"=""22086598""",Resident,VALID,12/30/2025 12:00:00 AM,MIAMI,FL,"=""33170""",Dade
G312914,NO RISK CLAIMS ADJUSTERS INC,"=""22116256""",Resident,VALID,2/2/2026 12:00:00 AM,MIAMI,FL,"=""33138""",Dade
G311306,RAMIREZ A & A CONSULTANTS INC,"=""22109216""",Resident,VALID,1/26/2026 12:00:00 AM,MIAMI,FL,"=""33175""",Dade
G311343,"DSADJUSTING, LLC","=""22109222""",Resident,VALID,1/26/2026 12:00:00 AM,SAINT CLOUD,FL,"=""34771""",Osceola
G293343,PHOENIX CLAIMS ADJUSTING,"=""21783510""",Resident,VALID,11/7/2025 12:00:00 AM,ST. AUGUSTINE,FL,"=""32095""",St. Johns
G327278,CLAIM PATH ADJUSTING LLC,"=""22168581""",Resident,VALID,3/24/2026 12:00:00 AM,KISSIMMEE,FL,"=""34744""",Osceola
G340951,PRESTIGE CLAIMS GROUP LLC,"=""22219826""",Resident,VALID,5/13/2026 12:00:00 AM,ORLANDO,FL,"=""32829""",Orange
W827182,BEACON ADJUSTERS GROUP,"=""20232366""",Resident,VALID,3/25/2026 12:00:00 AM,MIRAMAR,FL,"=""33025""",Broward
G329827,OWNER SOLUTIONS PROPERTY CLAIMS,"=""22178474""",Resident,VALID,4/2/2026 12:00:00 AM,ST. CLOUD,FL,"=""347717688""",Osceola
W814421,CORAL CLAIMS,"=""20181747""",Resident,VALID,5/21/2026 12:00:00 AM,CORAL SPRINGS,FL,"=""33071""",Broward
G033912,KORT CO,"=""20824330""",Resident,VALID,5/15/2026 12:00:00 AM,DELRAY BEACH,FL,"=""33444""",Palm Beach
G342781,YOUR CLAIM GUY LLC,"=""22225883""",Resident,VALID,5/19/2026 12:00:00 AM,WINTER PARK,FL,"=""32792""",Seminole
G329286,LIBERTY PUBLIC ADJUSTING GROUP,"=""22177115""",Resident,VALID,4/1/2026 12:00:00 AM,ORMOND BEACH,FL,"=""32174""",Volusia
G325996,IRON REEF CLAIMS CONSULTANTS LLC,"=""22164011""",Resident,VALID,3/19/2026 12:00:00 AM,PENSACOLA,FL,"=""32503""",Escambia
G363850,CONTINENTAL ADJUSTERS LLC,"=""21217525""",Non-Resident,VALID,7/31/2026 12:00:00 AM,MCKINNEY,TX,"=""75070""",
G280217,VECTOR CLAIM SOLUTIONS LLC,"=""21569850""",Non-Resident,VALID,5/8/2026 12:00:00 AM,OMAHA,NE,"=""68102""",
G322874,QUICKPRO INC; DBA PROPERTY CLAIM SERVICES,"=""22152524""",Resident,VALID,3/9/2026 12:00:00 AM,SAN ANTONIO,FL,"=""33576""",Pasco
G359330,MAG PROPERTY CLAIMS AND CONSULTING CORP,"=""22292823""",Resident,VALID,7/17/2026 12:00:00 AM,CORAL SPRINGS,FL,"=""33067""",Broward
G319079,"LIGHTSTONE PUBLIC ADJUSTERS, CORP.","=""22137322""",Resident,VALID,2/23/2026 12:00:00 AM,PEMBROKE PINES,FL,"=""33026""",Broward
G335247,PIONEER PUBLIC ADJUSTERS LLC,"=""22198418""",Resident,VALID,4/22/2026 12:00:00 AM,WELLINGTON,FL,"=""33414""",Palm Beach
G344287,RELENTLESS RECOVERY GROUP,"=""22232366""",Resident,VALID,5/26/2026 12:00:00 AM,JACKSONVILLE,FL,"=""32065""",Clay
W824117,RICARDO PUBLIC ADJUSTERS,"=""20220058""",Resident,VALID,3/27/2026 12:00:00 AM,MIAMI,FL,"=""33155""",Dade
G340414,INSURANCECLAIM123.COM,"=""22218368""",Resident,VALID,5/12/2026 12:00:00 AM,HAINES CITY,FL,"=""33844""",Polk
G347525,CC CLAIMS CONSULTING,"=""22250067""",Resident,VALID,6/5/2026 12:00:00 AM,TAMPA,FL,"=""33602""",Hillsborough
G344165,SKIPTON & ASSOCIATES LLC,"=""7822640""",Non-Resident,VALID,5/26/2026 12:00:00 AM,SCOTTSDALE,AZ,"=""85255""",
G328682,AMERICAN RECOVERY,"=""22174355""",Resident,VALID,3/30/2026 12:00:00 AM,PALM BAY,FL,"=""32909""",Brevard
G091037,BUILDING DAMAGE CONSULTANTS,"=""19334411""",Non-Resident,VALID,4/6/2026 12:00:00 AM,COVINGTON,LA,"=""70433""",
G145583,"ROTH ADJUSTING, LLC","=""21270793""",Resident,VALID,4/7/2026 12:00:00 AM,ORLANDO,FL,"=""32801""",Orange
G323296,DALTON JOHN JUDD,"=""22153942""",Resident,VALID,3/10/2026 12:00:00 AM,SARASOTA,FL,"=""34232""",Sarasota
G328942,GOPRO CLAIMS,"=""22176036""",Resident,VALID,3/31/2026 12:00:00 AM,CELEBRATION,FL,"=""34747""",Osceola
G329404,HALO CLAIMS & CONSULTING LLC,"=""22177134""",Resident,VALID,4/1/2026 12:00:00 AM,ORANGE PARK,FL,"=""320656807""",Clay
W806786,"GUARDIAN GROUP CLAIMS CONSULTING, DBA GUARDIAN CLAIMS USA","=""20154647""",Resident,VALID,2/23/2026 12:00:00 AM,PLANTATION,FL,"=""33317""",Broward
G328605,PALM BEACH ADJUSTERSDBATIGER ADJUSTERS TERRITORY06,"=""22173035""",Resident,VALID,3/29/2026 12:00:00 AM,JUPITER,FL,"=""33458""",Palm Beach
G337768,EXCALIBUR PUBLIC ADJUSTERS,"=""22208046""",Resident,VALID,5/1/2026 12:00:00 AM,WELLINGTON,FL,"=""334148970""",Palm Beach
G332620,COUNTRY PUBLIC ADJUSTERS LLC,"=""22190109""",Resident,VALID,4/14/2026 12:00:00 AM,TAMARAC,FL,"=""33319""",Broward
G339745,ROOF CLAIM ADJUSTING LLC,"=""22215199""",Resident,VALID,5/8/2026 12:00:00 AM,ORLANDO,FL,"=""32810""",Orange
G321320,WARRIORS ADJUSTING GROUP,"=""22146500""",Resident,VALID,3/3/2026 12:00:00 AM,FORT LAUDERDALE,FL,"=""33311""",Broward
G324131,"PUBLIC ADJUSTER 320, LLC","=""22156735""",Resident,VALID,3/12/2026 12:00:00 AM,CLEWISTON,FL,"=""33440""",Hendry
W811061,"GUARD YOUR CLAIM, INC","=""20169610""",Resident,VALID,3/17/2026 12:00:00 AM,CORAL GABLES,FL,"=""33134""",Dade
G346230,FIDELIS ADJUSTING LLC,"=""22240229""",Resident,VALID,6/2/2026 12:00:00 AM,MIAMI,FL,"=""33176""",Dade
G343086,CLAIMS WITH CRYSTAL,"=""22227265""",Resident,VALID,5/20/2026 12:00:00 AM,MELBOURNE,FL,"=""32904""",Brevard
G349478,CATASTROPHE CLAIMS ADJUSTING,"=""22137503""",Non-Resident,VALID,6/11/2026 12:00:00 AM,CHARLOTTE,NC,"=""28277""",
W936270,"FUXA & ASSOCIATES, INC.","=""20565355""",Resident,VALID,6/8/2026 12:00:00 AM,DAVIE,FL,"=""33330""",Broward
G120332,ADJUSTER PRIME LLC,"=""21166939""",Resident,VALID,6/10/2026 12:00:00 AM,COCONUT CREEK,FL,"=""33073""",Broward
G327279,"TRUE CAPITAL CLAIMS, LLC","=""22104737""",Non-Resident,VALID,3/24/2026 12:00:00 AM,SHAKER HEIGHTS,OH,"=""44122""",
G344616,BLUEPRINT INSURANCE CLAIMS LLC,"=""22234374""",Resident,VALID,5/27/2026 12:00:00 AM,ST PETERSBURG,FL,"=""33702""",Pinellas
G337693,"LION CLAIMS ADJUSTERS, LLC","=""22208045""",Resident,VALID,5/1/2026 12:00:00 AM,HOLLYWOOD,FL,"=""33021""",Broward
G348864,"CLAIM SERVICE PRO PUBLIC ADJUSTERS, LLC","=""22253863""",Resident,VALID,6/10/2026 12:00:00 AM,OAKLAND PARK,FL,"=""33309""",Broward
G325707,THE CLAIM COMPANY,"=""22162689""",Resident,VALID,3/18/2026 12:00:00 AM,WESTON,FL,"=""33327""",Broward
G363445,GOLDEN CLAIM SOLUTIONS,"=""22307138""",Resident,VALID,7/30/2026 12:00:00 AM,LEESBURG,FL,"=""34788""",Lake
G370933,KINGDOM CLAIMS LLC,"=""22331038""",Resident,VALID,8/21/2026 12:00:00 AM,MIAMI,FL,"=""33190""",Dade
G367072,CLAIMS CAFE PUBLIC ADJUSTERS LLC,"=""22319087""",Resident,VALID,8/11/2026 12:00:00 AM,DUNEDIN,FL,"=""34698""",Pinellas
G360300,TAYLOR DOUGLAS LLC DBA TIGER ADJUSTERS TERRITORY 11,"=""22296235""",Resident,VALID,7/21/2026 12:00:00 AM,WIMAUMA,FL,"=""33598""",Hillsborough
G356532,A.P. PUBLIC ADJUSTERS LLC,"=""22283905""",Resident,VALID,7/9/2026 12:00:00 AM,PORT RICHEY,FL,"=""34668""",Pasco
G361205,REPUBLIC ADJUSTERS LLC,"=""22299019""",Resident,VALID,7/23/2026 12:00:00 AM,WINTER PARK,FL,"="" 32789""",Seminole
G369408,OBSIDIAN CLAIMS GROUP LLC,"=""22326865""",Resident,VALID,8/18/2026 12:00:00 AM,DORAL,FL,"=""33178""",Dade
G360859,"EPIC CLAIMS SERVICES, LLC","=""22297687""",Resident,VALID,7/22/2026 12:00:00 AM,JACKSONVILLE,FL,"=""322257110""",Duval
G369804,"AT ADJUSTMENT & CLAIMS SERVICES LLC DBA BEYOND PROPERTY CLAIMS, INC.","=""22328361""",Resident,VALID,8/19/2026 12:00:00 AM,MELBOURNE,FL,"=""32901""",Brevard
W807121,ADJUSTER GROUPS LLC,"=""20155977""",Resident,VALID,8/19/2026 12:00:00 AM,KISSIMEE,FL,"=""34741""",Osceola
G356782,TITAN PROPERTY CLAIMS LLC,"=""22285175""",Resident,VALID,7/10/2026 12:00:00 AM,DORAL,FL,"=""33166""",Dade
G144238,BARRERA & ASSOCIATES LLC,"=""21265158""",Non-Resident,VALID,6/25/2026 12:00:00 AM,DAWSONVILLE,GA,"=""30534""",
W974002,BAYSIDE PUBLIC ADJUSTERS LLC.,"=""20694184""",Resident,VALID,6/25/2026 12:00:00 AM,ST. PETERSBURG,FL,"=""33702""",Pinellas
G352972,EMPIRE CLAIMS ADJUSTERS LLC,"=""22270114""",Resident,VALID,6/25/2026 12:00:00 AM,ORLANDO,FL,"=""32824""",Orange
G371673,FIDELITY PUBLIC ADJUSTERS CORP,"=""22334710""",Resident,VALID,8/25/2026 12:00:00 AM,HIALEAH,FL,"=""33015""",Dade
W944618,"ALPHA CLAIMS CONSULTANTS, LLC","=""20593992""",Resident,VALID,7/20/2026 12:00:00 AM,MIRAMAR,FL,"=""33027""",Broward
G351312,GRANOVSKY & ASSOCIATES,"=""22262802""",Resident,VALID,6/18/2026 12:00:00 AM,MIAMI,FL,"=""33130""",Dade
G357858,FREEDOM CLAIM PARTNERS,"=""22287283""",Resident,VALID,7/13/2026 12:00:00 AM,ROCKLEDGE,FL,"=""32955""",Brevard
G352022,"DAUB,INC.","=""22265682""",Resident,VALID,6/22/2026 12:00:00 AM,PALM COAST,FL,"=""32137""",Flagler
G372143,DR PRO CONSULTING SERVICES LLC,,Resident,VALID,8/26/2026 12:00:00 AM,BOYNTON BEACH,FL,"=""33426""",Palm Beach
G366555,"POLICY CONSULTANTS, LLC","=""22317532""",Resident,VALID,8/10/2026 12:00:00 AM,NEW PORT RICHEY,FL,"=""34652""",Pasco
G350978,COYNE COMMERCIAL GROUP,"=""22261553""",Resident,VALID,6/17/2026 12:00:00 AM,SANFORD,FL,"=""32773""",Seminole
G352682,OMNI VISTA PUBLIC ADJUSTERS,"=""22268581""",Resident,VALID,6/24/2026 12:00:00 AM,JACKSONVILLE,FL,"=""32258""",Duval
G368886,BULLSEYE SHARK CLAIMS CONSULTANT LLC,"=""22325316""",Resident,VALID,8/17/2026 12:00:00 AM,MIAMI,FL,"=""33186""",Dade
G368943,LIME PUBLIC ADJUSTER LLC,"=""22325286""",Resident,VALID,8/17/2026 12:00:00 AM,LEHIGH ACRES,FL,"=""33936""",Lee
